Designator,Library,Part Name,X,Y,Rotation,Z,Pattern,Head,Slot,NHP,NCP,Nozzle,Turn,TS,MS,PR,MArea,Skip
C201,TELIT-NPI-NEW,1BB01T0564,8.135,14.605,180,0,1,5,50006L,9,511,226,2,9,1,1000,1,
C202,TELIT-NPI-NEW,1BB01T0564,17.275,15.52,180,0,1,5,50006L,9,511,226,6,9,1,1000,1,
C203,TELIT-NPI-NEW,1BB01T0564,12.993,11.15,90,0,1,5,50006L,9,511,226,1,9,13,1000,1,
C204,TELIT-NPI-NEW,1BB01T0564,18.515,13.58,180,0,1,5,50006L,4,524,226,4,5,6,1000,1,
C205,TELIT-NPI-NEW,1BB01T0564,17.265,14.905,180,0,1,5,50006L,11,513,226,4,11,8,1000,1,
C206,TELIT-NPI-NEW,1BB01T0593,18.03,18.245,180,0,1,1,10008R,11,113,226,18,11,4,1000,1,
C207,TELIT-NPI-NEW,1BB01T0593,13.15,18.37,-90,0,1,1,10008R,8,128,226,18,1,16,1000,1,
C209,TELIT-NPI-NEW,1BB01T0564,17.27,14.195,180,0,1,5,50006L,10,512,226,6,10,16,1000,1,
C210,TELIT-NPI-NEW,1BB01T0564,17.29,13.585,180,0,1,5,50006L,9,511,226,4,9,16,1000,1,
C211,TELIT-NPI-NEW,1BB01T0564,11.616,14.17,90,0,1,5,50006L,9,511,226,3,9,8,1000,1,
C212,TELIT-NPI-NEW,1BB01T0564,18.515,12.875,180,0,1,5,50006L,10,512,226,3,10,11,1000,1,
C213,TELIT-NPI-NEW,1BB01T0513,17.1,19.495,-90,0,1,1,10007R,14,116,226,11,4,6,1000,1,
C214,TELIT-NPI-NEW,1BB01T0476,15.085,12.13,0,0,1,1,10005R,9,111,226,9,3,6,1000,1,
C215,TELIT-NPI-NEW,1BB01T0476,17.07,12.13,180,0,1,1,10005R,10,112,226,1,2,15,1000,1,
C217,TELIT-NPI-NEW,1BB01T0503,19.975,16.1,90,0,1,3,30007R,14,316,226,12,8,6,1000,1,
C218,TELIT-NPI-NEW,1BB01T0503,18.65,16.52,-90,0,1,3,30007R,9,311,226,1,2,2,1000,1,
C219,TELIT-NPI-NEW,1BB01T0593,15.625,17.77,0,0,1,1,10008R,10,112,226,15,4,7,1000,1,
C220,TELIT-NPI-NEW,1BB01T0393,20.525,16.1,-90,0,1,3,30007L,13,315,226,4,2,2,1000,1,
C221,TELIT-NPI-NEW,1BB01T0465,21.021,13.483,90,0,1,3,30008L,15,317,226,11,2,1,1000,1,
C222,TELIT-NPI-NEW,1BB01T0564,17.1,18.245,-90,0,1,5,50006L,10,512,226,4,10,14,1000,1,
C223,TELIT-NPI-NEW,1BB01T0564,18.31,19.275,90,0,1,5,50006L,10,512,226,1,10,3,1000,1,
C224,TELIT-NPI-NEW,1BB01T0564,13.648,11.155,-90,0,1,5,50006L,11,513,226,2,11,16,1000,1,
C225,TELIT-NPI-NEW,1BB01T0503,19.86,11.57,90,0,1,3,30007R,9,311,226,2,2,5,1000,1,
C227,TELIT-NPI-NEW,1BB01T0303,19.86,12.895,-90,0,1,1,10007L,13,115,226,1,2,4,1000,1,
C230,TELIT-NPI-NEW,1BB01T0503,19.86,10.42,90,0,1,3,30007R,10,312,226,1,1,16,1000,1,
C301,TELIT-NPI-NEW,1BB01T0564,8.235,12.445,-90,0,1,5,50006L,10,512,226,2,10,9,1000,1,
C302,TELIT-NPI-NEW,1BB01T0513,8.835,12.445,-90,0,1,1,10007R,13,115,226,11,3,2,1000,1,
C303,TELIT-NPI-NEW,1BB01T0512,8.128,18.905,180,0,1,7,70008R,4,723,230,6,1,1,1000,1,
C304,TELIT-NPI-NEW,1BB01T0314,11.868,18.635,180,0,1,1,10006L,11,113,226,1,2,10,1000,1,
C305,TELIT-NPI-NEW,1BB01T0593,8.535,10.185,180,0,1,1,10008R,10,112,226,18,10,1,1000,1,
C306,TELIT-NPI-NEW,1BB01T0588,10.888,19.305,-90,0,1,7,70006R,6,711,230,7,2,6,1000,1,
C307,TELIT-NPI-NEW,1BB01T0564,9.895,12.27,180,0,1,5,50006L,3,523,226,4,6,1,1000,1,
C308,TELIT-NPI-NEW,1BB01T0513,9.595,10.495,90,0,1,1,10007R,13,115,226,10,3,5,1000,1,
D201,TELIT-NPI-NEW,1YY0700123WAY,8.135,15.195,180,0,1,1,10005L,9,111,226,1,2,13,1000,1,
FL201,TELIT-NPI-NEW,1LL0500430MU,19.61,17.195,180,0,1,7,70007R,7,712,230,1,2,2,1000,1,
L201,TELIT-NPI-NEW,1CC01T0015,17.25,16.22,180,0,1,1,10006R,4,124,226,2,1,12,1000,1,
L202,TELIT-NPI-NEW,1CC01T0046,20.155,14.335,180,0,1,3,30006L,11,313,226,4,2,8,1000,1,
L203,TELIT-NPI-NEW,1CC01T0027,20.161,13.783,180,0,1,1,10011L,16,118,226,17,5,16,1000,1,
L204,TELIT-NPI-NEW,1CC01T0015,18.1,16.52,-90,0,1,1,10006R,12,114,226,1,2,7,1000,1,
L205,TELIT-NPI-NEW,1CC01T0033,20.71,10.72,180,0,1,1,10008L,15,117,226,7,2,15,1000,1,
L301,TELIT-NPI-NEW,1CC0101334MU,10.238,17.92,0,0,1,7,70005L,5,714,235,8,2,1,1000,1,
R102,TELIT-NPI-NEW,1AA01T0501,20.515,19.59,0,0,1,3,30008R,15,317,226,16,7,4,1000,1,
R105,TELIT-NPI-NEW,1AA01T0501,11.44,10.795,180,0,1,3,30008R,16,318,226,12,8,2,1000,1,
R106,TELIT-NPI-NEW,1AA01T0501,11.616,15.325,-90,0,1,3,30008R,9,311,226,18,9,3,1000,1,
R201,TELIT-NPI-NEW,1AA01T0598,8.135,14.025,180,0,1,1,10010L,14,116,226,13,3,2,1000,1,
R202,TELIT-NPI-NEW,1AA01T0646,8.135,13.475,0,0,1,1,10009L,13,115,226,13,4,5,1000,1,
R203,TELIT-NPI-NEW,1AA01T0526,17.73,19.275,-90,0,1,3,30005L,9,311,226,4,2,15,1000,1,
R204,TELIT-NPI-NEW,1AA01T0699,20.515,18.99,180,0,1,3,30006R,2,322,226,17,3,16,1000,1,
R205,TELIT-NPI-NEW,1AA01T0699,19.665,19.29,90,0,1,3,30006R,1,321,226,17,4,15,1000,1,
R302,TELIT-NPI-NEW,1AA01T0699,11.868,19.185,0,0,1,3,30006R,12,314,226,4,2,4,1000,1,
R303,TELIT-NPI-NEW,1AA01T0699,11.868,19.74,180,0,1,3,30006R,12,314,226,7,2,4,1000,1,
R305,TELIT-NPI-NEW,1AA01T0501,10.585,14.03,0,0,1,3,30008R,10,312,226,18,10,5,1000,1,
R307,TELIT-NPI-NEW,1AA01T0501,7.985,17.885,180,0,1,3,30008R,15,317,226,12,7,4,1000,1,
RKEY,TELIT-NPI-NEW,1AA01T0755,18.515,11.69,180,0,1,3,30005R,10,312,226,4,2,13,1000,1,
U201,TELIT-NPI-NEW,1DD0800440ARH,14.375,14.995,180,0,1,9,90018,1,922,1002,1,2,1,1000,1,
U202,TELIT-NPI-NEW,1DD0101078MXS,20.395,15.1,180,0,1,7,70007L,3,722,230,15,1,5,1000,1,
U301,TELIT-NPI-NEW,1DD0101242TPK,8.535,11.165,0,0,1,7,70006L,6,711,230,15,2,3,1000,1,
U302,TELIT-NPI-NEW,1DD0101236SGM,9.613,19.105,180,0,1,7,70008L,8,713,230,13,2,7,1000,1,
U303,TELIT-NPI-NEW,1DD0101289WAY,9.795,11.485,0,0,1,5,50005L,9,511,226,13,2,1,1000,1,
Y201,TELIT-NPI-NEW,1MM0200123PSN,15.58,19.09,180,0,1,7,70005R,5,714,235,1,2,6,1000,1,
Y202,TELIT-NPI-NEW,1MM0100202TXC,15.91,10.855,0,0,1,9,90019,3,923,1551,12,1,2,1000,1,
C201,TELIT-NPI-NEW,1BB01T0564,8.135,31.876,180,0,8,5,50006L,1,521,226,2,8,2,1000,1,
C202,TELIT-NPI-NEW,1BB01T0564,17.275,32.791,180,0,8,5,50006L,9,511,226,9,9,4,1000,1,
C203,TELIT-NPI-NEW,1BB01T0564,12.993,28.421,90,0,8,5,50006L,1,521,226,1,8,16,1000,1,
C204,TELIT-NPI-NEW,1BB01T0564,18.515,30.851,180,0,8,5,50006L,2,522,226,3,7,16,1000,1,
C205,TELIT-NPI-NEW,1BB01T0564,17.265,32.176,180,0,8,5,50006L,10,512,226,9,10,6,1000,1,
C206,TELIT-NPI-NEW,1BB01T0593,18.03,35.516,180,0,8,1,10008R,3,123,226,18,6,3,1000,1,
C207,TELIT-NPI-NEW,1BB01T0593,13.15,35.641,-90,0,8,1,10008R,9,111,226,18,9,10,1000,1,
C209,TELIT-NPI-NEW,1BB01T0564,17.27,31.466,180,0,8,5,50006L,1,521,226,6,8,10,1000,1,
C210,TELIT-NPI-NEW,1BB01T0564,17.29,30.856,180,0,8,5,50006L,1,521,226,4,8,15,1000,1,
C211,TELIT-NPI-NEW,1BB01T0564,11.616,31.441,90,0,8,5,50006L,1,521,226,3,8,1,1000,1,
C212,TELIT-NPI-NEW,1BB01T0564,18.515,30.146,180,0,8,5,50006L,1,521,226,9,8,13,1000,1,
C213,TELIT-NPI-NEW,1BB01T0513,17.1,36.766,-90,0,8,1,10007R,6,126,226,11,1,5,1000,1,
C214,TELIT-NPI-NEW,1BB01T0476,15.085,29.401,0,0,8,1,10005R,10,112,226,4,2,15,1000,1,
C215,TELIT-NPI-NEW,1BB01T0476,17.07,29.401,180,0,8,1,10005R,2,122,226,1,1,16,1000,1,
C217,TELIT-NPI-NEW,1BB01T0503,19.975,33.371,90,0,8,3,30007R,6,326,226,12,1,5,1000,1,
C218,TELIT-NPI-NEW,1BB01T0503,18.65,33.791,-90,0,8,3,30007R,1,321,226,1,3,1,1000,1,
C219,TELIT-NPI-NEW,1BB01T0593,15.625,35.041,0,0,8,1,10008R,2,122,226,15,3,8,1000,1,
C220,TELIT-NPI-NEW,1BB01T0393,20.525,33.371,-90,0,8,3,30007L,5,325,226,4,1,1,1000,1,
C221,TELIT-NPI-NEW,1BB01T0465,21.021,30.754,90,0,8,3,30008L,15,317,226,8,2,16,1000,1,
C222,TELIT-NPI-NEW,1BB01T0564,17.1,35.516,-90,0,8,5,50006L,10,512,226,8,10,12,1000,1,
C223,TELIT-NPI-NEW,1BB01T0564,18.31,36.546,90,0,8,5,50006L,2,522,226,1,7,8,1000,1,
C224,TELIT-NPI-NEW,1BB01T0564,13.648,28.426,-90,0,8,5,50006L,3,523,226,2,6,13,1000,1,
C225,TELIT-NPI-NEW,1BB01T0503,19.86,28.841,90,0,8,3,30007R,1,321,226,2,3,8,1000,1,
C227,TELIT-NPI-NEW,1BB01T0303,19.86,30.166,-90,0,8,1,10007L,5,125,226,1,1,2,1000,1,
C230,TELIT-NPI-NEW,1BB01T0503,19.86,27.691,90,0,8,3,30007R,2,322,226,1,4,15,1000,1,
C301,TELIT-NPI-NEW,1BB01T0564,8.235,29.716,-90,0,8,5,50006L,2,522,226,2,7,10,1000,1,
C302,TELIT-NPI-NEW,1BB01T0513,8.835,29.716,-90,0,8,1,10007R,5,125,226,11,2,1,1000,1,
C303,TELIT-NPI-NEW,1BB01T0512,8.128,36.176,180,0,8,7,70008R,8,713,230,16,2,3,1000,1,
C304,TELIT-NPI-NEW,1BB01T0314,11.868,35.906,180,0,8,1,10006L,3,123,226,1,1,9,1000,1,
C305,TELIT-NPI-NEW,1BB01T0593,8.535,27.456,180,0,8,1,10008R,11,113,226,13,3,10,1000,1,
C306,TELIT-NPI-NEW,1BB01T0588,10.888,36.576,-90,0,8,7,70006R,6,711,230,5,2,5,1000,1,
C307,TELIT-NPI-NEW,1BB01T0564,9.895,29.541,180,0,8,5,50006L,2,522,226,4,7,13,1000,1,
C308,TELIT-NPI-NEW,1BB01T0513,9.595,27.766,90,0,8,1,10007R,5,125,226,10,2,4,1000,1,
D201,TELIT-NPI-NEW,1YY0700123WAY,8.135,32.466,180,0,8,1,10005L,1,121,226,1,1,14,1000,1,
FL201,TELIT-NPI-NEW,1LL0500430MU,19.61,34.466,180,0,8,7,70007R,3,722,230,1,1,1,1000,1,
L201,TELIT-NPI-NEW,1CC01T0015,17.25,33.491,180,0,8,1,10006R,4,124,226,10,1,1,1000,1,
L202,TELIT-NPI-NEW,1CC01T0046,20.155,31.606,180,0,8,3,30006L,3,323,226,4,1,9,1000,1,
L203,TELIT-NPI-NEW,1CC01T0027,20.161,31.054,180,0,8,1,10011L,15,117,226,17,4,15,1000,1,
L204,TELIT-NPI-NEW,1CC01T0015,18.1,33.791,-90,0,8,1,10006R,4,124,226,1,1,8,1000,1,
L205,TELIT-NPI-NEW,1CC01T0033,20.71,27.991,180,0,8,1,10008L,15,117,226,8,2,15,1000,1,
L301,TELIT-NPI-NEW,1CC0101334MU,10.238,35.191,0,0,8,7,70005L,5,714,235,12,2,1,1000,1,
R102,TELIT-NPI-NEW,1AA01T0501,20.515,36.861,0,0,8,3,30008R,7,327,226,16,2,3,1000,1,
R105,TELIT-NPI-NEW,1AA01T0501,11.44,28.066,180,0,8,3,30008R,8,328,226,12,1,1,1000,1,
R106,TELIT-NPI-NEW,1AA01T0501,11.616,32.596,-90,0,8,3,30008R,15,317,226,15,7,5,1000,1,
R201,TELIT-NPI-NEW,1AA01T0598,8.135,31.296,180,0,8,1,10010L,6,126,226,13,2,1,1000,1,
R202,TELIT-NPI-NEW,1AA01T0646,8.135,30.746,0,0,8,1,10009L,5,125,226,13,1,3,1000,1,
R203,TELIT-NPI-NEW,1AA01T0526,17.73,36.546,-90,0,8,3,30005L,1,321,226,4,1,16,1000,1,
R204,TELIT-NPI-NEW,1AA01T0699,20.515,36.261,180,0,8,3,30006R,12,314,226,12,8,9,1000,1,
R205,TELIT-NPI-NEW,1AA01T0699,19.665,36.561,90,0,8,3,30006R,11,313,226,12,7,11,1000,1,
R302,TELIT-NPI-NEW,1AA01T0699,11.868,36.456,0,0,8,3,30006R,4,324,226,4,1,3,1000,1,
R303,TELIT-NPI-NEW,1AA01T0699,11.868,37.011,180,0,8,3,30006R,4,324,226,7,1,3,1000,1,
R305,TELIT-NPI-NEW,1AA01T0501,10.585,31.301,0,0,8,3,30008R,2,322,226,18,7,4,1000,1,
R307,TELIT-NPI-NEW,1AA01T0501,7.985,35.156,180,0,8,3,30008R,7,327,226,12,2,3,1000,1,
RKEY,TELIT-NPI-NEW,1AA01T0755,18.515,28.961,180,0,8,3,30005R,2,322,226,4,1,12,1000,1,
U201,TELIT-NPI-NEW,1DD0800440ARH,14.375,32.266,180,0,8,9,90018,1,922,1002,2,2,1,1000,1,
U202,TELIT-NPI-NEW,1DD0101078MXS,20.395,32.371,180,0,8,7,70007L,7,712,230,15,2,7,1000,1,
U301,TELIT-NPI-NEW,1DD0101242TPK,8.535,28.436,0,0,8,7,70006L,2,721,230,15,1,4,1000,1,
U302,TELIT-NPI-NEW,1DD0101236SGM,9.613,36.376,180,0,8,7,70008L,4,723,230,13,1,8,1000,1,
U303,TELIT-NPI-NEW,1DD0101289WAY,9.795,28.756,0,0,8,5,50005L,1,521,226,13,3,4,1000,1,
Y201,TELIT-NPI-NEW,1MM0200123PSN,15.58,36.361,180,0,8,7,70005R,1,724,235,1,1,5,1000,1,
Y202,TELIT-NPI-NEW,1MM0100202TXC,15.91,28.126,0,0,8,9,90019,3,923,1551,16,1,2,1000,1,
C201,TELIT-NPI-NEW,1BB01T0564,8.135,49.147,180,0,9,5,50006L,9,511,226,5,9,16,1000,1,
C202,TELIT-NPI-NEW,1BB01T0564,17.275,50.062,180,0,9,5,50006L,11,513,226,10,11,1,1000,1,
C203,TELIT-NPI-NEW,1BB01T0564,12.993,45.692,90,0,9,5,50006L,1,521,226,5,8,8,1000,1,
C204,TELIT-NPI-NEW,1BB01T0564,18.515,48.122,180,0,9,5,50006L,9,511,226,12,9,1,1000,1,
C205,TELIT-NPI-NEW,1BB01T0564,17.265,49.447,180,0,9,5,50006L,9,511,226,11,9,14,1000,1,
C206,TELIT-NPI-NEW,1BB01T0593,18.03,52.787,180,0,9,1,10008R,11,113,226,16,5,8,1000,1,
C207,TELIT-NPI-NEW,1BB01T0593,13.15,52.912,-90,0,9,1,10008R,1,121,226,18,8,9,1000,1,
C209,TELIT-NPI-NEW,1BB01T0564,17.27,48.737,180,0,9,5,50006L,10,512,226,12,10,12,1000,1,
C210,TELIT-NPI-NEW,1BB01T0564,17.29,48.127,180,0,9,5,50006L,10,512,226,11,10,5,1000,1,
C211,TELIT-NPI-NEW,1BB01T0564,11.616,48.712,90,0,9,5,50006L,10,512,226,5,10,13,1000,1,
C212,TELIT-NPI-NEW,1BB01T0564,18.515,47.417,180,0,9,5,50006L,10,512,226,10,10,10,1000,1,
C213,TELIT-NPI-NEW,1BB01T0513,17.1,54.037,-90,0,9,1,10007R,10,112,226,13,4,14,1000,1,
C214,TELIT-NPI-NEW,1BB01T0476,15.085,46.672,0,0,9,1,10005R,2,122,226,4,1,16,1000,1,
C215,TELIT-NPI-NEW,1BB01T0476,17.07,46.672,180,0,9,1,10005R,10,112,226,6,2,8,1000,1,
C217,TELIT-NPI-NEW,1BB01T0503,19.975,50.642,90,0,9,3,30007R,5,325,226,12,2,7,1000,1,
C218,TELIT-NPI-NEW,1BB01T0503,18.65,51.062,-90,0,9,3,30007R,14,316,226,7,2,8,1000,1,
C219,TELIT-NPI-NEW,1BB01T0593,15.625,52.312,0,0,9,1,10008R,12,114,226,16,6,9,1000,1,
C220,TELIT-NPI-NEW,1BB01T0393,20.525,50.642,-90,0,9,3,30007L,13,315,226,6,2,16,1000,1,
C221,TELIT-NPI-NEW,1BB01T0465,21.021,48.025,90,0,9,3,30008L,7,327,226,8,1,15,1000,1,
C222,TELIT-NPI-NEW,1BB01T0564,17.1,52.787,-90,0,9,5,50006L,11,513,226,15,11,9,1000,1,
C223,TELIT-NPI-NEW,1BB01T0564,18.31,53.817,90,0,9,5,50006L,2,522,226,5,7,10,1000,1,
C224,TELIT-NPI-NEW,1BB01T0564,13.648,45.697,-90,0,9,5,50006L,2,522,226,8,7,8,1000,1,
C225,TELIT-NPI-NEW,1BB01T0503,19.86,46.112,90,0,9,3,30007R,5,325,226,15,2,2,1000,1,
C227,TELIT-NPI-NEW,1BB01T0303,19.86,47.437,-90,0,9,1,10007L,13,115,226,6,2,4,1000,1,
C230,TELIT-NPI-NEW,1BB01T0503,19.86,44.962,90,0,9,3,30007R,6,326,226,15,1,1,1000,1,
C301,TELIT-NPI-NEW,1BB01T0564,8.235,46.987,-90,0,9,5,50006L,1,521,226,8,8,9,1000,1,
C302,TELIT-NPI-NEW,1BB01T0513,8.835,46.987,-90,0,9,1,10007R,2,122,226,13,1,12,1000,1,
C303,TELIT-NPI-NEW,1BB01T0512,8.128,53.447,180,0,9,7,70008R,4,723,230,16,1,4,1000,1,
C304,TELIT-NPI-NEW,1BB01T0314,11.868,53.177,180,0,9,1,10006L,11,113,226,6,2,13,1000,1,
C305,TELIT-NPI-NEW,1BB01T0593,8.535,44.727,180,0,9,1,10008R,3,123,226,13,2,11,1000,1,
C306,TELIT-NPI-NEW,1BB01T0588,10.888,53.847,-90,0,9,7,70006R,6,711,230,3,2,7,1000,1,
C307,TELIT-NPI-NEW,1BB01T0564,9.895,46.812,180,0,9,5,50006L,9,511,226,10,9,7,1000,1,
C308,TELIT-NPI-NEW,1BB01T0513,9.595,45.037,90,0,9,1,10007R,13,115,226,12,3,1,1000,1,
D201,TELIT-NPI-NEW,1YY0700123WAY,8.135,49.737,180,0,9,1,10005L,1,121,226,4,1,9,1000,1,
FL201,TELIT-NPI-NEW,1LL0500430MU,19.61,51.737,180,0,9,7,70007R,7,712,230,5,2,2,1000,1,
L201,TELIT-NPI-NEW,1CC01T0015,17.25,50.762,180,0,9,1,10006R,3,123,226,9,2,12,1000,1,
L202,TELIT-NPI-NEW,1CC01T0046,20.155,48.877,180,0,9,3,30006L,11,313,226,7,2,9,1000,1,
L203,TELIT-NPI-NEW,1CC01T0027,20.161,48.325,180,0,9,1,10011L,14,116,226,17,3,13,1000,1,
L204,TELIT-NPI-NEW,1CC01T0015,18.1,51.062,-90,0,9,1,10006R,12,114,226,6,2,16,1000,1,
L205,TELIT-NPI-NEW,1CC01T0033,20.71,45.262,180,0,9,1,10008L,7,127,226,8,1,16,1000,1,
L301,TELIT-NPI-NEW,1CC0101334MU,10.238,52.462,0,0,9,7,70005L,1,724,235,8,1,3,1000,1,
R102,TELIT-NPI-NEW,1AA01T0501,20.515,54.132,0,0,9,3,30008R,3,323,226,18,6,10,1000,1,
R105,TELIT-NPI-NEW,1AA01T0501,11.44,45.337,180,0,9,3,30008R,15,317,226,17,7,4,1000,1,
R106,TELIT-NPI-NEW,1AA01T0501,11.616,49.867,-90,0,9,3,30008R,16,318,226,17,8,5,1000,1,
R201,TELIT-NPI-NEW,1AA01T0598,8.135,48.567,180,0,9,1,10010L,13,115,226,16,4,15,1000,1,
R202,TELIT-NPI-NEW,1AA01T0646,8.135,48.017,0,0,9,1,10009L,4,124,226,13,2,9,1000,1,
R203,TELIT-NPI-NEW,1AA01T0526,17.73,53.817,-90,0,9,3,30005L,9,311,226,7,2,13,1000,1,
R204,TELIT-NPI-NEW,1AA01T0699,20.515,53.532,180,0,9,3,30006R,9,311,226,12,5,15,1000,1,
R205,TELIT-NPI-NEW,1AA01T0699,19.665,53.832,90,0,9,3,30006R,2,322,226,12,3,12,1000,1,
R302,TELIT-NPI-NEW,1AA01T0699,11.868,53.727,0,0,9,3,30006R,4,324,226,12,1,8,1000,1,
R303,TELIT-NPI-NEW,1AA01T0699,11.868,54.282,180,0,9,3,30006R,3,323,226,12,2,10,1000,1,
R305,TELIT-NPI-NEW,1AA01T0501,10.585,48.572,0,0,9,3,30008R,1,321,226,18,8,7,1000,1,
R307,TELIT-NPI-NEW,1AA01T0501,7.985,52.427,180,0,9,3,30008R,7,327,226,18,2,16,1000,1,
RKEY,TELIT-NPI-NEW,1AA01T0755,18.515,46.232,180,0,9,3,30005R,10,312,226,7,2,11,1000,1,
U201,TELIT-NPI-NEW,1DD0800440ARH,14.375,49.537,180,0,9,9,90018,1,922,1002,4,2,1,1000,1,
U202,TELIT-NPI-NEW,1DD0101078MXS,20.395,49.642,180,0,9,7,70007L,7,712,230,14,2,6,1000,1,
U301,TELIT-NPI-NEW,1DD0101242TPK,8.535,45.707,0,0,9,7,70006L,6,711,230,14,2,3,1000,1,
U302,TELIT-NPI-NEW,1DD0101236SGM,9.613,53.647,180,0,9,7,70008L,8,713,230,14,2,8,1000,1,
U303,TELIT-NPI-NEW,1DD0101289WAY,9.795,46.027,0,0,9,5,50005L,9,511,226,14,2,4,1000,1,
Y201,TELIT-NPI-NEW,1MM0200123PSN,15.58,53.632,180,0,9,7,70005R,1,724,235,3,1,4,1000,1,
Y202,TELIT-NPI-NEW,1MM0100202TXC,15.91,45.397,0,0,9,9,90019,3,923,1551,14,1,2,1000,1,
C201,TELIT-NPI-NEW,1BB01T0564,8.135,66.418,180,0,16,5,50006L,1,521,226,11,8,9,1000,1,
C202,TELIT-NPI-NEW,1BB01T0564,17.275,67.333,180,0,16,5,50006L,10,512,226,15,10,4,1000,1,
C203,TELIT-NPI-NEW,1BB01T0564,12.993,62.963,90,0,16,5,50006L,11,513,226,14,2,15,1000,1,
C204,TELIT-NPI-NEW,1BB01T0564,18.515,65.393,180,0,16,5,50006L,3,523,226,13,3,12,1000,1,
C205,TELIT-NPI-NEW,1BB01T0564,17.265,66.718,180,0,16,5,50006L,2,522,226,11,7,6,1000,1,
C206,TELIT-NPI-NEW,1BB01T0593,18.03,70.058,180,0,16,1,10008R,3,123,226,14,2,11,1000,1,
C207,TELIT-NPI-NEW,1BB01T0593,13.15,70.183,-90,0,16,1,10008R,3,123,226,16,2,7,1000,1,
C209,TELIT-NPI-NEW,1BB01T0564,17.27,66.008,180,0,16,5,50006L,2,522,226,12,7,13,1000,1,
C210,TELIT-NPI-NEW,1BB01T0564,17.29,65.398,180,0,16,5,50006L,1,521,226,12,8,5,1000,1,
C211,TELIT-NPI-NEW,1BB01T0564,11.616,65.983,90,0,16,5,50006L,9,511,226,15,9,3,1000,1,
C212,TELIT-NPI-NEW,1BB01T0564,18.515,64.688,180,0,16,5,50006L,2,522,226,10,7,9,1000,1,
C213,TELIT-NPI-NEW,1BB01T0513,17.1,71.308,-90,0,16,1,10007R,2,122,226,14,1,6,1000,1,
C214,TELIT-NPI-NEW,1BB01T0476,15.085,63.943,0,0,16,1,10005R,2,122,226,9,1,15,1000,1,
C215,TELIT-NPI-NEW,1BB01T0476,17.07,63.943,180,0,16,1,10005R,2,122,226,6,1,9,1000,1,
C217,TELIT-NPI-NEW,1BB01T0503,19.975,67.913,90,0,16,3,30007R,5,325,226,16,2,6,1000,1,
C218,TELIT-NPI-NEW,1BB01T0503,18.65,68.333,-90,0,16,3,30007R,14,316,226,17,8,6,1000,1,
C219,TELIT-NPI-NEW,1BB01T0593,15.625,69.583,0,0,16,1,10008R,4,124,226,16,1,10,1000,1,
C220,TELIT-NPI-NEW,1BB01T0393,20.525,67.913,-90,0,16,3,30007L,5,325,226,6,1,15,1000,1,
C221,TELIT-NPI-NEW,1BB01T0465,21.021,65.296,90,0,16,3,30008L,7,327,226,10,1,16,1000,1,
C222,TELIT-NPI-NEW,1BB01T0564,17.1,70.058,-90,0,16,5,50006L,3,523,226,15,6,11,1000,1,
C223,TELIT-NPI-NEW,1BB01T0564,18.31,71.088,90,0,16,5,50006L,11,513,226,13,2,16,1000,1,
C224,TELIT-NPI-NEW,1BB01T0564,13.648,62.968,-90,0,16,5,50006L,9,511,226,8,9,15,1000,1,
C225,TELIT-NPI-NEW,1BB01T0503,19.86,63.383,90,0,16,3,30007R,6,326,226,17,1,1,1000,1,
C227,TELIT-NPI-NEW,1BB01T0303,19.86,64.708,-90,0,16,1,10007L,5,125,226,6,1,2,1000,1,
C230,TELIT-NPI-NEW,1BB01T0503,19.86,62.233,90,0,16,3,30007R,6,326,226,16,1,5,1000,1,
C301,TELIT-NPI-NEW,1BB01T0564,8.235,64.258,-90,0,16,5,50006L,2,522,226,15,7,15,1000,1,
C302,TELIT-NPI-NEW,1BB01T0513,8.835,64.258,-90,0,16,1,10007R,1,121,226,13,2,13,1000,1,
C303,TELIT-NPI-NEW,1BB01T0512,8.128,70.718,180,0,16,7,70008R,4,723,230,7,1,8,1000,1,
C304,TELIT-NPI-NEW,1BB01T0314,11.868,70.448,180,0,16,1,10006L,3,123,226,6,1,14,1000,1,
C305,TELIT-NPI-NEW,1BB01T0593,8.535,61.998,180,0,16,1,10008R,11,113,226,14,3,14,1000,1,
C306,TELIT-NPI-NEW,1BB01T0588,10.888,71.118,-90,0,16,7,70006R,2,721,230,3,1,8,1000,1,
C307,TELIT-NPI-NEW,1BB01T0564,9.895,64.083,180,0,16,5,50006L,1,521,226,10,8,6,1000,1,
C308,TELIT-NPI-NEW,1BB01T0513,9.595,62.308,90,0,16,1,10007R,9,111,226,13,3,16,1000,1,
D201,TELIT-NPI-NEW,1YY0700123WAY,8.135,67.008,180,0,16,1,10005L,1,121,226,6,1,10,1000,1,
FL201,TELIT-NPI-NEW,1LL0500430MU,19.61,69.008,180,0,16,7,70007R,3,722,230,5,1,1,1000,1,
L201,TELIT-NPI-NEW,1CC01T0015,17.25,68.033,180,0,16,1,10006R,4,124,226,11,1,9,1000,1,
L202,TELIT-NPI-NEW,1CC01T0046,20.155,66.148,180,0,16,3,30006L,3,323,226,7,1,10,1000,1,
L203,TELIT-NPI-NEW,1CC01T0027,20.161,65.596,180,0,16,1,10011L,8,128,226,17,2,14,1000,1,
L204,TELIT-NPI-NEW,1CC01T0015,18.1,68.333,-90,0,16,1,10006R,4,124,226,6,1,15,1000,1,
L205,TELIT-NPI-NEW,1CC01T0033,20.71,62.533,180,0,16,1,10008L,7,127,226,7,1,16,1000,1,
L301,TELIT-NPI-NEW,1CC0101334MU,10.238,69.733,0,0,16,7,70005L,1,724,235,12,1,3,1000,1,
R102,TELIT-NPI-NEW,1AA01T0501,20.515,71.403,0,0,16,3,30008R,6,326,226,18,3,11,1000,1,
R105,TELIT-NPI-NEW,1AA01T0501,11.44,62.608,180,0,16,3,30008R,16,318,226,18,16,14,1000,1,
R106,TELIT-NPI-NEW,1AA01T0501,11.616,67.138,-90,0,16,3,30008R,15,317,226,18,15,13,1000,1,
R201,TELIT-NPI-NEW,1AA01T0598,8.135,65.838,180,0,16,1,10010L,5,125,226,16,3,16,1000,1,
R202,TELIT-NPI-NEW,1AA01T0646,8.135,65.288,0,0,16,1,10009L,5,125,226,14,1,16,1000,1,
R203,TELIT-NPI-NEW,1AA01T0526,17.73,71.088,-90,0,16,3,30005L,1,321,226,7,1,14,1000,1,
R204,TELIT-NPI-NEW,1AA01T0699,20.515,70.803,180,0,16,3,30006R,11,313,226,15,7,11,1000,1,
R205,TELIT-NPI-NEW,1AA01T0699,19.665,71.103,90,0,16,3,30006R,1,321,226,12,4,14,1000,1,
R302,TELIT-NPI-NEW,1AA01T0699,11.868,70.998,0,0,16,3,30006R,4,324,226,15,1,7,1000,1,
R303,TELIT-NPI-NEW,1AA01T0699,11.868,71.553,180,0,16,3,30006R,3,323,226,15,2,9,1000,1,
R305,TELIT-NPI-NEW,1AA01T0501,10.585,65.843,0,0,16,3,30008R,14,316,226,18,14,12,1000,1,
R307,TELIT-NPI-NEW,1AA01T0501,7.985,69.698,180,0,16,3,30008R,8,328,226,18,1,15,1000,1,
RKEY,TELIT-NPI-NEW,1AA01T0755,18.515,63.503,180,0,16,3,30005R,2,322,226,7,1,12,1000,1,
U201,TELIT-NPI-NEW,1DD0800440ARH,14.375,66.808,180,0,16,9,90018,1,922,1002,3,2,1,1000,1,
U202,TELIT-NPI-NEW,1DD0101078MXS,20.395,66.913,180,0,16,7,70007L,3,722,230,14,1,5,1000,1,
U301,TELIT-NPI-NEW,1DD0101242TPK,8.535,62.978,0,0,16,7,70006L,2,721,230,14,1,4,1000,1,
U302,TELIT-NPI-NEW,1DD0101236SGM,9.613,70.918,180,0,16,7,70008L,8,713,230,12,2,8,1000,1,
U303,TELIT-NPI-NEW,1DD0101289WAY,9.795,63.298,0,0,16,5,50005L,1,521,226,14,3,1,1000,1,
Y201,TELIT-NPI-NEW,1MM0200123PSN,15.58,70.903,180,0,16,7,70005R,1,724,235,5,1,8,1000,1,
Y202,TELIT-NPI-NEW,1MM0100202TXC,15.91,62.668,0,0,16,9,90019,3,923,1551,15,1,2,1000,1,
C201,TELIT-NPI-NEW,1BB01T0564,29.217,14.605,180,0,2,5,50006L,12,514,226,4,12,10,1000,1,
C202,TELIT-NPI-NEW,1BB01T0564,38.357,15.52,180,0,2,5,50006L,13,515,226,8,13,2,1000,1,
C203,TELIT-NPI-NEW,1BB01T0564,34.075,11.15,90,0,2,5,50006L,11,513,226,1,11,14,1000,1,
C204,TELIT-NPI-NEW,1BB01T0564,39.597,13.58,180,0,2,5,50006L,12,514,226,3,12,10,1000,1,
C205,TELIT-NPI-NEW,1BB01T0564,38.347,14.905,180,0,2,5,50006L,13,515,226,4,13,9,1000,1,
C206,TELIT-NPI-NEW,1BB01T0593,39.112,18.245,180,0,2,1,10008R,12,114,226,15,6,5,1000,1,
C207,TELIT-NPI-NEW,1BB01T0593,34.232,18.37,-90,0,2,1,10008R,15,117,226,11,3,4,1000,1,
C209,TELIT-NPI-NEW,1BB01T0564,38.352,14.195,180,0,2,5,50006L,12,514,226,6,12,15,1000,1,
C210,TELIT-NPI-NEW,1BB01T0564,38.372,13.585,180,0,2,5,50006L,11,513,226,6,11,8,1000,1,
C211,TELIT-NPI-NEW,1BB01T0564,32.698,14.17,90,0,2,5,50006L,11,513,226,3,11,7,1000,1,
C212,TELIT-NPI-NEW,1BB01T0564,39.597,12.875,180,0,2,5,50006L,6,526,226,4,3,5,1000,1,
C213,TELIT-NPI-NEW,1BB01T0513,38.182,19.495,-90,0,2,1,10007R,9,111,226,15,5,1,1000,1,
C214,TELIT-NPI-NEW,1BB01T0476,36.167,12.13,0,0,2,1,10005R,10,112,226,9,4,5,1000,1,
C215,TELIT-NPI-NEW,1BB01T0476,38.152,12.13,180,0,2,1,10005R,10,112,226,2,2,5,1000,1,
C217,TELIT-NPI-NEW,1BB01T0503,41.057,16.1,90,0,2,3,30007R,9,311,226,3,2,1,1000,1,
C218,TELIT-NPI-NEW,1BB01T0503,39.732,16.52,-90,0,2,3,30007R,14,316,226,4,2,5,1000,1,
C219,TELIT-NPI-NEW,1BB01T0593,36.707,17.77,0,0,2,1,10008R,15,117,226,10,3,6,1000,1,
C220,TELIT-NPI-NEW,1BB01T0393,41.607,16.1,-90,0,2,3,30007L,13,315,226,11,2,9,1000,1,
C221,TELIT-NPI-NEW,1BB01T0465,42.103,13.483,90,0,2,3,30008L,15,317,226,7,2,2,1000,1,
C222,TELIT-NPI-NEW,1BB01T0564,38.182,18.245,-90,0,2,5,50006L,3,523,226,9,6,16,1000,1,
C223,TELIT-NPI-NEW,1BB01T0564,39.392,19.275,90,0,2,5,50006L,12,514,226,1,12,2,1000,1,
C224,TELIT-NPI-NEW,1BB01T0564,34.73,11.155,-90,0,2,5,50006L,13,515,226,2,13,15,1000,1,
C225,TELIT-NPI-NEW,1BB01T0503,40.942,11.57,90,0,2,3,30007R,13,315,226,1,7,5,1000,1,
C227,TELIT-NPI-NEW,1BB01T0303,40.942,12.895,-90,0,2,1,10007L,5,125,226,2,1,10,1000,1,
C230,TELIT-NPI-NEW,1BB01T0503,40.942,10.42,90,0,2,3,30007R,10,312,226,2,1,4,1000,1,
C301,TELIT-NPI-NEW,1BB01T0564,29.317,12.445,-90,0,2,5,50006L,12,514,226,2,12,8,1000,1,
C302,TELIT-NPI-NEW,1BB01T0513,29.917,12.445,-90,0,2,1,10007R,14,116,226,1,2,3,1000,1,
C303,TELIT-NPI-NEW,1BB01T0512,29.21,18.905,180,0,2,7,70008R,8,713,230,6,2,2,1000,1,
C304,TELIT-NPI-NEW,1BB01T0314,32.95,18.635,180,0,2,1,10006L,3,123,226,2,1,1,1000,1,
C305,TELIT-NPI-NEW,1BB01T0593,29.617,10.185,180,0,2,1,10008R,11,113,226,15,5,12,1000,1,
C306,TELIT-NPI-NEW,1BB01T0588,31.97,19.305,-90,0,2,7,70006R,6,711,230,1,2,7,1000,1,
C307,TELIT-NPI-NEW,1BB01T0564,30.977,12.27,180,0,2,5,50006L,5,525,226,4,4,2,1000,1,
C308,TELIT-NPI-NEW,1BB01T0513,30.677,10.495,90,0,2,1,10007R,14,116,226,10,4,2,1000,1,
D201,TELIT-NPI-NEW,1YY0700123WAY,29.217,15.195,180,0,2,1,10005L,9,111,226,2,2,7,1000,1,
FL201,TELIT-NPI-NEW,1LL0500430MU,40.692,17.195,180,0,2,7,70007R,7,712,230,2,2,2,1000,1,
L201,TELIT-NPI-NEW,1CC01T0015,38.332,16.22,180,0,2,1,10006R,12,114,226,10,4,10,1000,1,
L202,TELIT-NPI-NEW,1CC01T0046,41.237,14.335,180,0,2,3,30006L,11,313,226,9,2,1,1000,1,
L203,TELIT-NPI-NEW,1CC01T0027,41.243,13.783,180,0,2,1,10011L,16,118,226,13,3,8,1000,1,
L204,TELIT-NPI-NEW,1CC01T0015,39.182,16.52,-90,0,2,1,10006R,11,113,226,9,3,1,1000,1,
L205,TELIT-NPI-NEW,1CC01T0033,41.792,10.72,180,0,2,1,10008L,15,117,226,2,2,16,1000,1,
L301,TELIT-NPI-NEW,1CC0101334MU,31.32,17.92,0,0,2,7,70005L,5,714,235,9,2,1,1000,1,
R102,TELIT-NPI-NEW,1AA01T0501,41.597,19.59,0,0,2,3,30008R,13,315,226,18,13,6,1000,1,
R105,TELIT-NPI-NEW,1AA01T0501,32.522,10.795,180,0,2,3,30008R,12,314,226,1,1,9,1000,1,
R106,TELIT-NPI-NEW,1AA01T0501,32.698,15.325,-90,0,2,3,30008R,11,313,226,18,11,2,1000,1,
R201,TELIT-NPI-NEW,1AA01T0598,29.217,14.025,180,0,2,1,10010L,15,117,226,13,4,6,1000,1,
R202,TELIT-NPI-NEW,1AA01T0646,29.217,13.475,0,0,2,1,10009L,16,118,226,11,3,8,1000,1,
R203,TELIT-NPI-NEW,1AA01T0526,38.812,19.275,-90,0,2,3,30005L,9,311,226,5,2,16,1000,1,
R204,TELIT-NPI-NEW,1AA01T0699,41.597,18.99,180,0,2,3,30006R,10,312,226,13,6,13,1000,1,
R205,TELIT-NPI-NEW,1AA01T0699,40.747,19.29,90,0,2,3,30006R,9,311,226,14,5,12,1000,1,
R302,TELIT-NPI-NEW,1AA01T0699,32.95,19.185,0,0,2,3,30006R,12,314,226,11,2,7,1000,1,
R303,TELIT-NPI-NEW,1AA01T0699,32.95,19.74,180,0,2,3,30006R,9,311,226,13,5,9,1000,1,
R305,TELIT-NPI-NEW,1AA01T0501,31.667,14.03,0,0,2,3,30008R,16,318,226,16,8,2,1000,1,
R307,TELIT-NPI-NEW,1AA01T0501,29.067,17.885,180,0,2,3,30008R,11,313,226,1,2,12,1000,1,
RKEY,TELIT-NPI-NEW,1AA01T0755,39.597,11.69,180,0,2,3,30005R,10,312,226,9,2,6,1000,1,
U201,TELIT-NPI-NEW,1DD0800440ARH,35.457,14.995,180,0,2,9,90018,1,922,1002,5,2,1,1000,1,
U202,TELIT-NPI-NEW,1DD0101078MXS,41.477,15.1,180,0,2,7,70007L,7,712,230,11,2,6,1000,1,
U301,TELIT-NPI-NEW,1DD0101242TPK,29.617,11.165,0,0,2,7,70006L,2,721,230,11,1,4,1000,1,
U302,TELIT-NPI-NEW,1DD0101236SGM,30.695,19.105,180,0,2,7,70008L,8,713,230,15,2,6,1000,1,
U303,TELIT-NPI-NEW,1DD0101289WAY,30.877,11.485,0,0,2,5,50005L,10,512,226,13,1,8,1000,1,
Y201,TELIT-NPI-NEW,1MM0200123PSN,36.662,19.09,180,0,2,7,70005R,5,714,235,3,2,3,1000,1,
Y202,TELIT-NPI-NEW,1MM0100202TXC,36.992,10.855,0,0,2,9,90019,3,923,1551,13,1,2,1000,1,
C201,TELIT-NPI-NEW,1BB01T0564,29.217,31.876,180,0,7,5,50006L,2,522,226,6,7,5,1000,1,
C202,TELIT-NPI-NEW,1BB01T0564,38.357,32.791,180,0,7,5,50006L,5,525,226,8,4,1,1000,1,
C203,TELIT-NPI-NEW,1BB01T0564,34.075,28.421,90,0,7,5,50006L,3,523,226,1,6,15,1000,1,
C204,TELIT-NPI-NEW,1BB01T0564,39.597,30.851,180,0,7,5,50006L,4,524,226,3,5,15,1000,1,
C205,TELIT-NPI-NEW,1BB01T0564,38.347,32.176,180,0,7,5,50006L,11,513,226,9,11,3,1000,1,
C206,TELIT-NPI-NEW,1BB01T0593,39.112,35.516,180,0,7,1,10008R,4,124,226,15,1,6,1000,1,
C207,TELIT-NPI-NEW,1BB01T0593,34.232,35.641,-90,0,7,1,10008R,7,127,226,11,2,3,1000,1,
C209,TELIT-NPI-NEW,1BB01T0564,38.352,31.466,180,0,7,5,50006L,3,523,226,6,6,9,1000,1,
C210,TELIT-NPI-NEW,1BB01T0564,38.372,30.856,180,0,7,5,50006L,9,511,226,7,9,15,1000,1,
C211,TELIT-NPI-NEW,1BB01T0564,32.698,31.441,90,0,7,5,50006L,3,523,226,3,6,6,1000,1,
C212,TELIT-NPI-NEW,1BB01T0564,39.597,30.146,180,0,7,5,50006L,10,512,226,7,10,12,1000,1,
C213,TELIT-NPI-NEW,1BB01T0513,38.182,36.766,-90,0,7,1,10007R,1,121,226,15,2,2,1000,1,
C214,TELIT-NPI-NEW,1BB01T0476,36.167,29.401,0,0,7,1,10005R,10,112,226,5,2,11,1000,1,
C215,TELIT-NPI-NEW,1BB01T0476,38.152,29.401,180,0,7,1,10005R,2,122,226,2,1,4,1000,1,
C217,TELIT-NPI-NEW,1BB01T0503,41.057,33.371,90,0,7,3,30007R,1,321,226,3,3,4,1000,1,
C218,TELIT-NPI-NEW,1BB01T0503,39.732,33.791,-90,0,7,3,30007R,6,326,226,4,1,6,1000,1,
C219,TELIT-NPI-NEW,1BB01T0593,36.707,35.041,0,0,7,1,10008R,7,127,226,10,2,7,1000,1,
C220,TELIT-NPI-NEW,1BB01T0393,41.607,33.371,-90,0,7,3,30007L,5,325,226,11,1,10,1000,1,
C221,TELIT-NPI-NEW,1BB01T0465,42.103,30.754,90,0,7,3,30008L,7,327,226,7,1,1,1000,1,
C222,TELIT-NPI-NEW,1BB01T0564,38.182,35.516,-90,0,7,5,50006L,12,514,226,8,12,11,1000,1,
C223,TELIT-NPI-NEW,1BB01T0564,39.392,36.546,90,0,7,5,50006L,4,524,226,1,5,7,1000,1,
C224,TELIT-NPI-NEW,1BB01T0564,34.73,28.426,-90,0,7,5,50006L,5,525,226,2,4,12,1000,1,
C225,TELIT-NPI-NEW,1BB01T0503,40.942,28.841,90,0,7,3,30007R,5,325,226,1,6,6,1000,1,
C227,TELIT-NPI-NEW,1BB01T0303,40.942,30.166,-90,0,7,1,10007L,13,115,226,4,2,4,1000,1,
C230,TELIT-NPI-NEW,1BB01T0503,40.942,27.691,90,0,7,3,30007R,2,322,226,2,4,1,1000,1,
C301,TELIT-NPI-NEW,1BB01T0564,29.317,29.716,-90,0,7,5,50006L,4,524,226,2,5,3,1000,1,
C302,TELIT-NPI-NEW,1BB01T0513,29.917,29.716,-90,0,7,1,10007R,6,126,226,1,1,1,1000,1,
C303,TELIT-NPI-NEW,1BB01T0512,29.21,36.176,180,0,7,7,70008R,8,713,230,7,2,7,1000,1,
C304,TELIT-NPI-NEW,1BB01T0314,32.95,35.906,180,0,7,1,10006L,11,113,226,4,2,7,1000,1,
C305,TELIT-NPI-NEW,1BB01T0593,29.617,27.456,180,0,7,1,10008R,3,123,226,15,2,11,1000,1,
C306,TELIT-NPI-NEW,1BB01T0588,31.97,36.576,-90,0,7,7,70006R,2,721,230,1,1,8,1000,1,
C307,TELIT-NPI-NEW,1BB01T0564,30.977,29.541,180,0,7,5,50006L,2,522,226,9,7,15,1000,1,
C308,TELIT-NPI-NEW,1BB01T0513,30.677,27.766,90,0,7,1,10007R,6,126,226,10,1,3,1000,1,
D201,TELIT-NPI-NEW,1YY0700123WAY,29.217,32.466,180,0,7,1,10005L,1,121,226,2,1,6,1000,1,
FL201,TELIT-NPI-NEW,1LL0500430MU,40.692,34.466,180,0,7,7,70007R,3,722,230,2,1,1,1000,1,
L201,TELIT-NPI-NEW,1CC01T0015,38.332,33.491,180,0,7,1,10006R,12,114,226,9,4,9,1000,1,
L202,TELIT-NPI-NEW,1CC01T0046,41.237,31.606,180,0,7,3,30006L,11,313,226,5,2,6,1000,1,
L203,TELIT-NPI-NEW,1CC01T0027,41.243,31.054,180,0,7,1,10011L,8,128,226,13,2,7,1000,1,
L204,TELIT-NPI-NEW,1CC01T0015,39.182,33.791,-90,0,7,1,10006R,12,114,226,4,2,10,1000,1,
L205,TELIT-NPI-NEW,1CC01T0033,41.792,27.991,180,0,7,1,10008L,7,127,226,2,1,15,1000,1,
L301,TELIT-NPI-NEW,1CC0101334MU,31.32,35.191,0,0,7,7,70005L,1,724,235,13,1,2,1000,1,
R102,TELIT-NPI-NEW,1AA01T0501,41.597,36.861,0,0,7,3,30008R,16,318,226,11,2,3,1000,1,
R105,TELIT-NPI-NEW,1AA01T0501,32.522,28.066,180,0,7,3,30008R,4,324,226,1,4,8,1000,1,
R106,TELIT-NPI-NEW,1AA01T0501,32.698,32.596,-90,0,7,3,30008R,16,318,226,15,8,6,1000,1,
R201,TELIT-NPI-NEW,1AA01T0598,29.217,31.296,180,0,7,1,10010L,7,127,226,13,1,4,1000,1,
R202,TELIT-NPI-NEW,1AA01T0646,29.217,30.746,0,0,7,1,10009L,8,128,226,11,2,7,1000,1,
R203,TELIT-NPI-NEW,1AA01T0526,38.812,36.546,-90,0,7,3,30005L,1,321,226,5,1,15,1000,1,
R204,TELIT-NPI-NEW,1AA01T0699,41.597,36.261,180,0,7,3,30006R,2,322,226,13,3,16,1000,1,
R205,TELIT-NPI-NEW,1AA01T0699,40.747,36.561,90,0,7,3,30006R,1,321,226,14,4,11,1000,1,
R302,TELIT-NPI-NEW,1AA01T0699,32.95,36.456,0,0,7,3,30006R,4,324,226,11,1,8,1000,1,
R303,TELIT-NPI-NEW,1AA01T0699,32.95,37.011,180,0,7,3,30006R,1,321,226,13,4,12,1000,1,
R305,TELIT-NPI-NEW,1AA01T0501,31.667,31.301,0,0,7,3,30008R,8,328,226,16,1,1,1000,1,
R307,TELIT-NPI-NEW,1AA01T0501,29.067,35.156,180,0,7,3,30008R,3,323,226,1,3,11,1000,1,
RKEY,TELIT-NPI-NEW,1AA01T0755,39.597,28.961,180,0,7,3,30005R,10,312,226,5,2,10,1000,1,
U201,TELIT-NPI-NEW,1DD0800440ARH,35.457,32.266,180,0,7,9,90018,1,922,1002,6,2,1,1000,1,
U202,TELIT-NPI-NEW,1DD0101078MXS,41.477,32.371,180,0,7,7,70007L,7,712,230,8,2,6,1000,1,
U301,TELIT-NPI-NEW,1DD0101242TPK,29.617,28.436,0,0,7,7,70006L,6,711,230,8,2,4,1000,1,
U302,TELIT-NPI-NEW,1DD0101236SGM,30.695,36.376,180,0,7,7,70008L,4,723,230,11,1,8,1000,1,
U303,TELIT-NPI-NEW,1DD0101289WAY,30.877,28.756,0,0,7,5,50005L,2,522,226,13,4,5,1000,1,
Y201,TELIT-NPI-NEW,1MM0200123PSN,36.662,36.361,180,0,7,7,70005R,5,714,235,2,2,6,1000,1,
Y202,TELIT-NPI-NEW,1MM0100202TXC,36.992,28.126,0,0,7,9,90019,3,923,1551,11,1,2,1000,1,
C201,TELIT-NPI-NEW,1BB01T0564,29.217,49.147,180,0,10,5,50006L,11,513,226,5,11,15,1000,1,
C202,TELIT-NPI-NEW,1BB01T0564,38.357,50.062,180,0,10,5,50006L,12,514,226,10,12,11,1000,1,
C203,TELIT-NPI-NEW,1BB01T0564,34.075,45.692,90,0,10,5,50006L,3,523,226,5,6,7,1000,1,
C204,TELIT-NPI-NEW,1BB01T0564,39.597,48.122,180,0,10,5,50006L,12,514,226,9,12,11,1000,1,
C205,TELIT-NPI-NEW,1BB01T0564,38.347,49.447,180,0,10,5,50006L,11,513,226,11,11,15,1000,1,
C206,TELIT-NPI-NEW,1BB01T0593,39.112,52.787,180,0,10,1,10008R,14,116,226,18,14,14,1000,1,
C207,TELIT-NPI-NEW,1BB01T0593,34.232,52.912,-90,0,10,1,10008R,10,112,226,16,4,4,1000,1,
C209,TELIT-NPI-NEW,1BB01T0564,38.352,48.737,180,0,10,5,50006L,12,514,226,11,12,1,1000,1,
C210,TELIT-NPI-NEW,1BB01T0564,38.372,48.127,180,0,10,5,50006L,12,514,226,12,12,15,1000,1,
C211,TELIT-NPI-NEW,1BB01T0564,32.698,48.712,90,0,10,5,50006L,12,514,226,5,12,14,1000,1,
C212,TELIT-NPI-NEW,1BB01T0564,39.597,47.417,180,0,10,5,50006L,2,522,226,7,7,13,1000,1,
C213,TELIT-NPI-NEW,1BB01T0513,38.182,54.037,-90,0,10,1,10007R,9,111,226,16,5,1,1000,1,
C214,TELIT-NPI-NEW,1BB01T0476,36.167,46.672,0,0,10,1,10005R,2,122,226,5,1,12,1000,1,
C215,TELIT-NPI-NEW,1BB01T0476,38.152,46.672,180,0,10,1,10005R,2,122,226,10,1,11,1000,1,
C217,TELIT-NPI-NEW,1BB01T0503,41.057,50.642,90,0,10,3,30007R,13,315,226,13,7,5,1000,1,
C218,TELIT-NPI-NEW,1BB01T0503,39.732,51.062,-90,0,10,3,30007R,14,316,226,15,8,8,1000,1,
C219,TELIT-NPI-NEW,1BB01T0593,36.707,52.312,0,0,10,1,10008R,5,125,226,18,4,8,1000,1,
C220,TELIT-NPI-NEW,1BB01T0393,41.607,50.642,-90,0,10,3,30007L,13,315,226,5,2,3,1000,1,
C221,TELIT-NPI-NEW,1BB01T0465,42.103,48.025,90,0,10,3,30008L,7,327,226,11,1,2,1000,1,
C222,TELIT-NPI-NEW,1BB01T0564,38.182,52.787,-90,0,10,5,50006L,11,513,226,12,11,16,1000,1,
C223,TELIT-NPI-NEW,1BB01T0564,39.392,53.817,90,0,10,5,50006L,4,524,226,5,5,11,1000,1,
C224,TELIT-NPI-NEW,1BB01T0564,34.73,45.697,-90,0,10,5,50006L,4,524,226,8,5,7,1000,1,
C225,TELIT-NPI-NEW,1BB01T0503,40.942,46.112,90,0,10,3,30007R,6,326,226,7,1,5,1000,1,
C227,TELIT-NPI-NEW,1BB01T0303,40.942,47.437,-90,0,10,1,10007L,5,125,226,4,1,2,1000,1,
C230,TELIT-NPI-NEW,1BB01T0503,40.942,44.962,90,0,10,3,30007R,14,316,226,6,2,12,1000,1,
C301,TELIT-NPI-NEW,1BB01T0564,29.317,46.987,-90,0,10,5,50006L,3,523,226,8,6,10,1000,1,
C302,TELIT-NPI-NEW,1BB01T0513,29.917,46.987,-90,0,10,1,10007R,14,116,226,6,2,3,1000,1,
C303,TELIT-NPI-NEW,1BB01T0512,29.21,53.447,180,0,10,7,70008R,8,713,230,5,2,3,1000,1,
C304,TELIT-NPI-NEW,1BB01T0314,32.95,53.177,180,0,10,1,10006L,3,123,226,4,1,8,1000,1,
C305,TELIT-NPI-NEW,1BB01T0593,29.617,44.727,180,0,10,1,10008R,4,124,226,18,5,6,1000,1,
C306,TELIT-NPI-NEW,1BB01T0588,31.97,53.847,-90,0,10,7,70006R,2,721,230,16,1,5,1000,1,
C307,TELIT-NPI-NEW,1BB01T0564,30.977,46.812,180,0,10,5,50006L,1,521,226,7,8,14,1000,1,
C308,TELIT-NPI-NEW,1BB01T0513,30.677,45.037,90,0,10,1,10007R,5,125,226,12,2,3,1000,1,
D201,TELIT-NPI-NEW,1YY0700123WAY,29.217,49.737,180,0,10,1,10005L,9,111,226,4,2,6,1000,1,
FL201,TELIT-NPI-NEW,1LL0500430MU,40.692,51.737,180,0,10,7,70007R,7,712,230,6,2,4,1000,1,
L201,TELIT-NPI-NEW,1CC01T0015,38.332,50.762,180,0,10,1,10006R,4,124,226,9,1,8,1000,1,
L202,TELIT-NPI-NEW,1CC01T0046,41.237,48.877,180,0,10,3,30006L,3,323,226,5,1,7,1000,1,
L203,TELIT-NPI-NEW,1CC01T0027,41.243,48.325,180,0,10,1,10011L,16,118,226,16,5,14,1000,1,
L204,TELIT-NPI-NEW,1CC01T0015,39.182,51.062,-90,0,10,1,10006R,4,124,226,4,1,11,1000,1,
L205,TELIT-NPI-NEW,1CC01T0033,41.792,45.262,180,0,10,1,10008L,7,127,226,5,1,16,1000,1,
L301,TELIT-NPI-NEW,1CC0101334MU,31.32,52.462,0,0,10,7,70005L,1,724,235,9,1,4,1000,1,
R102,TELIT-NPI-NEW,1AA01T0501,41.597,54.132,0,0,10,3,30008R,5,325,226,18,4,9,1000,1,
R105,TELIT-NPI-NEW,1AA01T0501,32.522,45.337,180,0,10,3,30008R,8,328,226,15,1,4,1000,1,
R106,TELIT-NPI-NEW,1AA01T0501,32.698,49.867,-90,0,10,3,30008R,16,318,226,14,8,2,1000,1,
R201,TELIT-NPI-NEW,1AA01T0598,29.217,48.567,180,0,10,1,10010L,14,116,226,16,5,11,1000,1,
R202,TELIT-NPI-NEW,1AA01T0646,29.217,48.017,0,0,10,1,10009L,12,114,226,13,3,15,1000,1,
R203,TELIT-NPI-NEW,1AA01T0526,38.812,53.817,-90,0,10,3,30005L,9,311,226,9,2,10,1000,1,
R204,TELIT-NPI-NEW,1AA01T0699,41.597,53.532,180,0,10,3,30006R,9,311,226,15,5,15,1000,1,
R205,TELIT-NPI-NEW,1AA01T0699,40.747,53.832,90,0,10,3,30006R,12,314,226,16,8,9,1000,1,
R302,TELIT-NPI-NEW,1AA01T0699,32.95,53.727,0,0,10,3,30006R,10,312,226,14,6,7,1000,1,
R303,TELIT-NPI-NEW,1AA01T0699,32.95,54.282,180,0,10,3,30006R,10,312,226,12,6,16,1000,1,
R305,TELIT-NPI-NEW,1AA01T0501,31.667,48.572,0,0,10,3,30008R,4,324,226,18,5,8,1000,1,
R307,TELIT-NPI-NEW,1AA01T0501,29.067,52.427,180,0,10,3,30008R,7,327,226,15,2,3,1000,1,
RKEY,TELIT-NPI-NEW,1AA01T0755,39.597,46.232,180,0,10,3,30005R,2,322,226,5,1,11,1000,1,
U201,TELIT-NPI-NEW,1DD0800440ARH,35.457,49.537,180,0,10,9,90018,1,922,1002,7,2,1,1000,1,
U202,TELIT-NPI-NEW,1DD0101078MXS,41.477,49.642,180,0,10,7,70007L,7,712,230,12,2,5,1000,1,
U301,TELIT-NPI-NEW,1DD0101242TPK,29.617,45.707,0,0,10,7,70006L,2,721,230,8,1,2,1000,1,
U302,TELIT-NPI-NEW,1DD0101236SGM,30.695,53.647,180,0,10,7,70008L,4,723,230,15,1,8,1000,1,
U303,TELIT-NPI-NEW,1DD0101289WAY,30.877,46.027,0,0,10,5,50005L,10,512,226,14,1,5,1000,1,
Y201,TELIT-NPI-NEW,1MM0200123PSN,36.662,53.632,180,0,10,7,70005R,1,724,235,2,1,5,1000,1,
Y202,TELIT-NPI-NEW,1MM0100202TXC,36.992,45.397,0,0,10,9,90019,3,923,1551,9,1,2,1000,1,
C201,TELIT-NPI-NEW,1BB01T0564,29.217,66.418,180,0,15,5,50006L,3,523,226,11,6,10,1000,1,
C202,TELIT-NPI-NEW,1BB01T0564,38.357,67.333,180,0,15,5,50006L,4,524,226,11,5,7,1000,1,
C203,TELIT-NPI-NEW,1BB01T0564,34.075,62.963,90,0,15,5,50006L,12,514,226,14,1,14,1000,1,
C204,TELIT-NPI-NEW,1BB01T0564,39.597,65.393,180,0,15,5,50006L,4,524,226,14,4,11,1000,1,
C205,TELIT-NPI-NEW,1BB01T0564,38.347,66.718,180,0,15,5,50006L,13,515,226,15,13,7,1000,1,
C206,TELIT-NPI-NEW,1BB01T0593,39.112,70.058,180,0,15,1,10008R,2,122,226,16,3,3,1000,1,
C207,TELIT-NPI-NEW,1BB01T0593,34.232,70.183,-90,0,15,1,10008R,12,114,226,18,12,12,1000,1,
C209,TELIT-NPI-NEW,1BB01T0564,38.352,66.008,180,0,15,5,50006L,4,524,226,12,5,14,1000,1,
C210,TELIT-NPI-NEW,1BB01T0564,38.372,65.398,180,0,15,5,50006L,3,523,226,12,6,4,1000,1,
C211,TELIT-NPI-NEW,1BB01T0564,32.698,65.983,90,0,15,5,50006L,12,514,226,13,1,15,1000,1,
C212,TELIT-NPI-NEW,1BB01T0564,39.597,64.688,180,0,15,5,50006L,4,524,226,10,5,8,1000,1,
C213,TELIT-NPI-NEW,1BB01T0513,38.182,71.308,-90,0,15,1,10007R,1,121,226,16,2,2,1000,1,
C214,TELIT-NPI-NEW,1BB01T0476,36.167,63.943,0,0,15,1,10005R,1,121,226,9,2,16,1000,1,
C215,TELIT-NPI-NEW,1BB01T0476,38.152,63.943,180,0,15,1,10005R,1,121,226,10,2,14,1000,1,
C217,TELIT-NPI-NEW,1BB01T0503,41.057,67.913,90,0,15,3,30007R,13,315,226,17,7,7,1000,1,
C218,TELIT-NPI-NEW,1BB01T0503,39.732,68.333,-90,0,15,3,30007R,13,315,226,15,7,10,1000,1,
C219,TELIT-NPI-NEW,1BB01T0593,36.707,69.583,0,0,15,1,10008R,2,122,226,18,7,11,1000,1,
C220,TELIT-NPI-NEW,1BB01T0393,41.607,67.913,-90,0,15,3,30007L,5,325,226,5,1,2,1000,1,
C221,TELIT-NPI-NEW,1BB01T0465,42.103,65.296,90,0,15,3,30008L,15,317,226,10,2,15,1000,1,
C222,TELIT-NPI-NEW,1BB01T0564,38.182,70.058,-90,0,15,5,50006L,5,525,226,15,4,10,1000,1,
C223,TELIT-NPI-NEW,1BB01T0564,39.392,71.088,90,0,15,5,50006L,3,523,226,14,3,9,1000,1,
C224,TELIT-NPI-NEW,1BB01T0564,34.73,62.968,-90,0,15,5,50006L,11,513,226,8,11,16,1000,1,
C225,TELIT-NPI-NEW,1BB01T0503,40.942,63.383,90,0,15,3,30007R,13,315,226,16,7,8,1000,1,
C227,TELIT-NPI-NEW,1BB01T0303,40.942,64.708,-90,0,15,1,10007L,5,125,226,8,1,4,1000,1,
C230,TELIT-NPI-NEW,1BB01T0503,40.942,62.233,90,0,15,3,30007R,14,316,226,16,8,7,1000,1,
C301,TELIT-NPI-NEW,1BB01T0564,29.317,64.258,-90,0,15,5,50006L,4,524,226,15,5,14,1000,1,
C302,TELIT-NPI-NEW,1BB01T0513,29.917,64.258,-90,0,15,1,10007R,6,126,226,6,1,1,1000,1,
C303,TELIT-NPI-NEW,1BB01T0512,29.21,70.718,180,0,15,7,70008R,4,723,230,5,1,4,1000,1,
C304,TELIT-NPI-NEW,1BB01T0314,32.95,70.448,180,0,15,1,10006L,3,123,226,8,1,3,1000,1,
C305,TELIT-NPI-NEW,1BB01T0593,29.617,61.998,180,0,15,1,10008R,13,115,226,18,13,13,1000,1,
C306,TELIT-NPI-NEW,1BB01T0588,31.97,71.118,-90,0,15,7,70006R,2,721,230,5,1,6,1000,1,
C307,TELIT-NPI-NEW,1BB01T0564,30.977,64.083,180,0,15,5,50006L,3,523,226,10,6,5,1000,1,
C308,TELIT-NPI-NEW,1BB01T0513,30.677,62.308,90,0,15,1,10007R,1,121,226,14,2,4,1000,1,
D201,TELIT-NPI-NEW,1YY0700123WAY,29.217,67.008,180,0,15,1,10005L,9,111,226,6,2,7,1000,1,
FL201,TELIT-NPI-NEW,1LL0500430MU,40.692,69.008,180,0,15,7,70007R,3,722,230,6,1,3,1000,1,
L201,TELIT-NPI-NEW,1CC01T0015,38.332,68.033,180,0,15,1,10006R,12,114,226,11,4,10,1000,1,
L202,TELIT-NPI-NEW,1CC01T0046,41.237,66.148,180,0,15,3,30006L,3,323,226,11,1,11,1000,1,
L203,TELIT-NPI-NEW,1CC01T0027,41.243,65.596,180,0,15,1,10011L,8,128,226,16,2,13,1000,1,
L204,TELIT-NPI-NEW,1CC01T0015,39.182,68.333,-90,0,15,1,10006R,11,113,226,11,3,11,1000,1,
L205,TELIT-NPI-NEW,1CC01T0033,41.792,62.533,180,0,15,1,10008L,15,117,226,4,2,12,1000,1,
L301,TELIT-NPI-NEW,1CC0101334MU,31.32,69.733,0,0,15,7,70005L,1,724,235,15,1,2,1000,1,
R102,TELIT-NPI-NEW,1AA01T0501,41.597,71.403,0,0,15,3,30008R,8,328,226,14,1,1,1000,1,
R105,TELIT-NPI-NEW,1AA01T0501,32.522,62.608,180,0,15,3,30008R,8,328,226,17,1,3,1000,1,
R106,TELIT-NPI-NEW,1AA01T0501,32.698,67.138,-90,0,15,3,30008R,7,327,226,14,2,3,1000,1,
R201,TELIT-NPI-NEW,1AA01T0598,29.217,65.838,180,0,15,1,10010L,6,126,226,16,2,12,1000,1,
R202,TELIT-NPI-NEW,1AA01T0646,29.217,65.288,0,0,15,1,10009L,13,115,226,14,4,15,1000,1,
R203,TELIT-NPI-NEW,1AA01T0526,38.812,71.088,-90,0,15,3,30005L,1,321,226,11,1,13,1000,1,
R204,TELIT-NPI-NEW,1AA01T0699,41.597,70.803,180,0,15,3,30006R,1,321,226,15,4,16,1000,1,
R205,TELIT-NPI-NEW,1AA01T0699,40.747,71.103,90,0,15,3,30006R,2,322,226,14,3,10,1000,1,
R302,TELIT-NPI-NEW,1AA01T0699,32.95,70.998,0,0,15,3,30006R,12,314,226,15,8,12,1000,1,
R303,TELIT-NPI-NEW,1AA01T0699,32.95,71.553,180,0,15,3,30006R,10,312,226,15,6,13,1000,1,
R305,TELIT-NPI-NEW,1AA01T0501,31.667,65.843,0,0,15,3,30008R,8,328,226,13,1,1,1000,1,
R307,TELIT-NPI-NEW,1AA01T0501,29.067,69.698,180,0,15,3,30008R,7,327,226,17,2,2,1000,1,
RKEY,TELIT-NPI-NEW,1AA01T0755,39.597,63.503,180,0,15,3,30005R,2,322,226,11,1,12,1000,1,
U201,TELIT-NPI-NEW,1DD0800440ARH,35.457,66.808,180,0,15,9,90018,1,922,1002,8,2,1,1000,1,
U202,TELIT-NPI-NEW,1DD0101078MXS,41.477,66.913,180,0,15,7,70007L,3,722,230,12,1,6,1000,1,
U301,TELIT-NPI-NEW,1DD0101242TPK,29.617,62.978,0,0,15,7,70006L,2,721,230,12,1,2,1000,1,
U302,TELIT-NPI-NEW,1DD0101236SGM,30.695,70.918,180,0,15,7,70008L,4,723,230,14,1,7,1000,1,
U303,TELIT-NPI-NEW,1DD0101289WAY,30.877,63.298,0,0,15,5,50005L,2,522,226,14,4,8,1000,1,
Y201,TELIT-NPI-NEW,1MM0200123PSN,36.662,70.903,180,0,15,7,70005R,5,714,235,5,2,7,1000,1,
Y202,TELIT-NPI-NEW,1MM0100202TXC,36.992,62.668,0,0,15,9,90019,3,923,1551,10,1,2,1000,1,
C201,TELIT-NPI-NEW,1BB01T0564,50.299,14.605,180,0,3,5,50006L,14,516,226,4,14,11,1000,1,
C202,TELIT-NPI-NEW,1BB01T0564,59.439,15.52,180,0,3,5,50006L,13,515,226,7,13,8,1000,1,
C203,TELIT-NPI-NEW,1BB01T0564,55.157,11.15,90,0,3,5,50006L,13,515,226,3,13,5,1000,1,
C204,TELIT-NPI-NEW,1BB01T0564,60.679,13.58,180,0,3,5,50006L,14,516,226,3,14,9,1000,1,
C205,TELIT-NPI-NEW,1BB01T0564,59.429,14.905,180,0,3,5,50006L,14,516,226,7,14,2,1000,1,
C206,TELIT-NPI-NEW,1BB01T0593,60.194,18.245,180,0,3,1,10008R,15,117,226,18,15,5,1000,1,
C207,TELIT-NPI-NEW,1BB01T0593,55.314,18.37,-90,0,3,1,10008R,16,118,226,1,2,6,1000,1,
C209,TELIT-NPI-NEW,1BB01T0564,59.434,14.195,180,0,3,5,50006L,15,517,226,4,15,7,1000,1,
C210,TELIT-NPI-NEW,1BB01T0564,59.454,13.585,180,0,3,5,50006L,13,515,226,6,13,7,1000,1,
C211,TELIT-NPI-NEW,1BB01T0564,53.78,14.17,90,0,3,5,50006L,13,515,226,1,13,9,1000,1,
C212,TELIT-NPI-NEW,1BB01T0564,60.679,12.875,180,0,3,5,50006L,8,528,226,4,1,4,1000,1,
C213,TELIT-NPI-NEW,1BB01T0513,59.264,19.495,-90,0,3,1,10007R,13,115,226,9,3,3,1000,1,
C214,TELIT-NPI-NEW,1BB01T0476,57.249,12.13,0,0,3,1,10005R,9,111,226,11,3,14,1000,1,
C215,TELIT-NPI-NEW,1BB01T0476,59.234,12.13,180,0,3,1,10005R,10,112,226,3,2,10,1000,1,
C217,TELIT-NPI-NEW,1BB01T0503,62.139,16.1,90,0,3,3,30007R,10,312,226,3,1,6,1000,1,
C218,TELIT-NPI-NEW,1BB01T0503,60.814,16.52,-90,0,3,3,30007R,14,316,226,11,2,5,1000,1,
C219,TELIT-NPI-NEW,1BB01T0593,57.789,17.77,0,0,3,1,10008R,15,117,226,12,3,8,1000,1,
C220,TELIT-NPI-NEW,1BB01T0393,62.689,16.1,-90,0,3,3,30007L,13,315,226,9,2,3,1000,1,
C221,TELIT-NPI-NEW,1BB01T0465,63.185,13.483,90,0,3,3,30008L,15,317,226,4,2,10,1000,1,
C222,TELIT-NPI-NEW,1BB01T0564,59.264,18.245,-90,0,3,5,50006L,13,515,226,5,13,5,1000,1,
C223,TELIT-NPI-NEW,1BB01T0564,60.474,19.275,90,0,3,5,50006L,14,516,226,1,14,1,1000,1,
C224,TELIT-NPI-NEW,1BB01T0564,55.812,11.155,-90,0,3,5,50006L,15,517,226,2,15,14,1000,1,
C225,TELIT-NPI-NEW,1BB01T0503,62.024,11.57,90,0,3,3,30007R,13,315,226,2,7,6,1000,1,
C227,TELIT-NPI-NEW,1BB01T0303,62.024,12.895,-90,0,3,1,10007L,13,115,226,2,2,3,1000,1,
C230,TELIT-NPI-NEW,1BB01T0503,62.024,10.42,90,0,3,3,30007R,14,316,226,1,8,4,1000,1,
C301,TELIT-NPI-NEW,1BB01T0564,50.399,12.445,-90,0,3,5,50006L,14,516,226,2,14,7,1000,1,
C302,TELIT-NPI-NEW,1BB01T0513,50.999,12.445,-90,0,3,1,10007R,6,126,226,2,1,11,1000,1,
C303,TELIT-NPI-NEW,1BB01T0512,50.292,18.905,180,0,3,7,70008R,8,713,230,1,2,3,1000,1,
C304,TELIT-NPI-NEW,1BB01T0314,54.032,18.635,180,0,3,1,10006L,11,113,226,2,2,9,1000,1,
C305,TELIT-NPI-NEW,1BB01T0593,50.699,10.185,180,0,3,1,10008R,16,118,226,2,2,14,1000,1,
C306,TELIT-NPI-NEW,1BB01T0588,53.052,19.305,-90,0,3,7,70006R,6,711,230,16,2,6,1000,1,
C307,TELIT-NPI-NEW,1BB01T0564,52.059,12.27,180,0,3,5,50006L,7,527,226,4,2,3,1000,1,
C308,TELIT-NPI-NEW,1BB01T0513,51.759,10.495,90,0,3,1,10007R,14,116,226,12,4,5,1000,1,
D201,TELIT-NPI-NEW,1YY0700123WAY,50.299,15.195,180,0,3,1,10005L,9,111,226,3,2,12,1000,1,
FL201,TELIT-NPI-NEW,1LL0500430MU,61.774,17.195,180,0,3,7,70007R,7,712,230,3,2,2,1000,1,
L201,TELIT-NPI-NEW,1CC01T0015,59.414,16.22,180,0,3,1,10006R,12,114,226,2,2,8,1000,1,
L202,TELIT-NPI-NEW,1CC01T0046,62.319,14.335,180,0,3,3,30006L,11,313,226,6,2,8,1000,1,
L203,TELIT-NPI-NEW,1CC01T0027,62.325,13.783,180,0,3,1,10011L,15,117,226,15,4,9,1000,1,
L204,TELIT-NPI-NEW,1CC01T0015,60.264,16.52,-90,0,3,1,10006R,11,113,226,12,3,16,1000,1,
L205,TELIT-NPI-NEW,1CC01T0033,62.874,10.72,180,0,3,1,10008L,15,117,226,1,2,12,1000,1,
L301,TELIT-NPI-NEW,1CC0101334MU,52.402,17.92,0,0,3,7,70005L,5,714,235,10,2,1,1000,1,
R102,TELIT-NPI-NEW,1AA01T0501,62.679,19.59,0,0,3,3,30008R,12,314,226,3,1,12,1000,1,
R105,TELIT-NPI-NEW,1AA01T0501,53.604,10.795,180,0,3,3,30008R,11,313,226,2,2,10,1000,1,
R106,TELIT-NPI-NEW,1AA01T0501,53.78,15.325,-90,0,3,3,30008R,12,314,226,2,1,12,1000,1,
R201,TELIT-NPI-NEW,1AA01T0598,50.299,14.025,180,0,3,1,10010L,13,115,226,15,4,15,1000,1,
R202,TELIT-NPI-NEW,1AA01T0646,50.299,13.475,0,0,3,1,10009L,16,118,226,10,3,8,1000,1,
R203,TELIT-NPI-NEW,1AA01T0526,59.894,19.275,-90,0,3,3,30005L,9,311,226,6,2,2,1000,1,
R204,TELIT-NPI-NEW,1AA01T0699,62.679,18.99,180,0,3,3,30006R,12,314,226,13,8,14,1000,1,
R205,TELIT-NPI-NEW,1AA01T0699,61.829,19.29,90,0,3,3,30006R,12,314,226,5,2,13,1000,1,
R302,TELIT-NPI-NEW,1AA01T0699,54.032,19.185,0,0,3,3,30006R,12,314,226,9,2,5,1000,1,
R303,TELIT-NPI-NEW,1AA01T0699,54.032,19.74,180,0,3,3,30006R,11,313,226,13,7,10,1000,1,
R305,TELIT-NPI-NEW,1AA01T0501,52.749,14.03,0,0,3,3,30008R,11,313,226,3,2,7,1000,1,
R307,TELIT-NPI-NEW,1AA01T0501,50.149,17.885,180,0,3,3,30008R,12,314,226,18,12,1,1000,1,
RKEY,TELIT-NPI-NEW,1AA01T0755,60.679,11.69,180,0,3,3,30005R,10,312,226,6,2,5,1000,1,
U201,TELIT-NPI-NEW,1DD0800440ARH,56.539,14.995,180,0,3,9,90018,1,922,1002,9,2,1,1000,1,
U202,TELIT-NPI-NEW,1DD0101078MXS,62.559,15.1,180,0,3,7,70007L,7,712,230,13,2,5,1000,1,
U301,TELIT-NPI-NEW,1DD0101242TPK,50.699,11.165,0,0,3,7,70006L,6,711,230,13,2,1,1000,1,
U302,TELIT-NPI-NEW,1DD0101236SGM,51.777,19.105,180,0,3,7,70008L,8,713,230,11,2,7,1000,1,
U303,TELIT-NPI-NEW,1DD0101289WAY,51.959,11.485,0,0,3,5,50005L,13,515,226,13,7,2,1000,1,
Y201,TELIT-NPI-NEW,1MM0200123PSN,57.744,19.09,180,0,3,7,70005R,5,714,235,4,2,3,1000,1,
Y202,TELIT-NPI-NEW,1MM0100202TXC,58.074,10.855,0,0,3,9,90019,3,923,1551,7,1,2,1000,1,
C201,TELIT-NPI-NEW,1BB01T0564,50.299,31.876,180,0,6,5,50006L,4,524,226,6,5,4,1000,1,
C202,TELIT-NPI-NEW,1BB01T0564,59.439,32.791,180,0,6,5,50006L,7,527,226,8,2,3,1000,1,
C203,TELIT-NPI-NEW,1BB01T0564,55.157,28.421,90,0,6,5,50006L,5,525,226,3,4,4,1000,1,
C204,TELIT-NPI-NEW,1BB01T0564,60.679,30.851,180,0,6,5,50006L,6,526,226,3,3,14,1000,1,
C205,TELIT-NPI-NEW,1BB01T0564,59.429,32.176,180,0,6,5,50006L,6,526,226,7,3,1,1000,1,
C206,TELIT-NPI-NEW,1BB01T0593,60.194,35.516,180,0,6,1,10008R,9,111,226,17,3,2,1000,1,
C207,TELIT-NPI-NEW,1BB01T0593,55.314,35.641,-90,0,6,1,10008R,8,128,226,1,1,5,1000,1,
C209,TELIT-NPI-NEW,1BB01T0564,59.434,31.466,180,0,6,5,50006L,5,525,226,6,4,11,1000,1,
C210,TELIT-NPI-NEW,1BB01T0564,59.454,30.856,180,0,6,5,50006L,11,513,226,7,11,16,1000,1,
C211,TELIT-NPI-NEW,1BB01T0564,53.78,31.441,90,0,6,5,50006L,5,525,226,1,4,12,1000,1,
C212,TELIT-NPI-NEW,1BB01T0564,60.679,30.146,180,0,6,5,50006L,12,514,226,7,12,11,1000,1,
C213,TELIT-NPI-NEW,1BB01T0513,59.264,36.766,-90,0,6,1,10007R,5,125,226,9,2,2,1000,1,
C214,TELIT-NPI-NEW,1BB01T0476,57.249,29.401,0,0,6,1,10005R,10,112,226,11,4,13,1000,1,
C215,TELIT-NPI-NEW,1BB01T0476,59.234,29.401,180,0,6,1,10005R,2,122,226,3,1,9,1000,1,
C217,TELIT-NPI-NEW,1BB01T0503,62.139,33.371,90,0,6,3,30007R,2,322,226,3,4,5,1000,1,
C218,TELIT-NPI-NEW,1BB01T0503,60.814,33.791,-90,0,6,3,30007R,6,326,226,11,1,6,1000,1,
C219,TELIT-NPI-NEW,1BB01T0593,57.789,35.041,0,0,6,1,10008R,7,127,226,12,2,7,1000,1,
C220,TELIT-NPI-NEW,1BB01T0393,62.689,33.371,-90,0,6,3,30007L,5,325,226,9,1,2,1000,1,
C221,TELIT-NPI-NEW,1BB01T0465,63.185,30.754,90,0,6,3,30008L,7,327,226,4,1,11,1000,1,
C222,TELIT-NPI-NEW,1BB01T0564,59.264,35.516,-90,0,6,5,50006L,5,525,226,5,4,6,1000,1,
C223,TELIT-NPI-NEW,1BB01T0564,60.474,36.546,90,0,6,5,50006L,6,526,226,1,3,6,1000,1,
C224,TELIT-NPI-NEW,1BB01T0564,55.812,28.426,-90,0,6,5,50006L,7,527,226,2,2,11,1000,1,
C225,TELIT-NPI-NEW,1BB01T0503,62.024,28.841,90,0,6,3,30007R,5,325,226,2,6,7,1000,1,
C227,TELIT-NPI-NEW,1BB01T0303,62.024,30.166,-90,0,6,1,10007L,13,115,226,5,2,4,1000,1,
C230,TELIT-NPI-NEW,1BB01T0503,62.024,27.691,90,0,6,3,30007R,6,326,226,1,5,3,1000,1,
C301,TELIT-NPI-NEW,1BB01T0564,50.399,29.716,-90,0,6,5,50006L,6,526,226,2,3,4,1000,1,
C302,TELIT-NPI-NEW,1BB01T0513,50.999,29.716,-90,0,6,1,10007R,14,116,226,4,2,3,1000,1,
C303,TELIT-NPI-NEW,1BB01T0512,50.292,36.176,180,0,6,7,70008R,4,723,230,1,1,4,1000,1,
C304,TELIT-NPI-NEW,1BB01T0314,54.032,35.906,180,0,6,1,10006L,11,113,226,5,2,7,1000,1,
C305,TELIT-NPI-NEW,1BB01T0593,50.699,27.456,180,0,6,1,10008R,8,128,226,2,1,13,1000,1,
C306,TELIT-NPI-NEW,1BB01T0588,53.052,36.576,-90,0,6,7,70006R,6,711,230,2,2,7,1000,1,
C307,TELIT-NPI-NEW,1BB01T0564,52.059,29.541,180,0,6,5,50006L,5,525,226,7,4,5,1000,1,
C308,TELIT-NPI-NEW,1BB01T0513,51.759,27.766,90,0,6,1,10007R,6,126,226,12,1,4,1000,1,
D201,TELIT-NPI-NEW,1YY0700123WAY,50.299,32.466,180,0,6,1,10005L,1,121,226,3,1,11,1000,1,
FL201,TELIT-NPI-NEW,1LL0500430MU,61.774,34.466,180,0,6,7,70007R,3,722,230,3,1,1,1000,1,
L201,TELIT-NPI-NEW,1CC01T0015,59.414,33.491,180,0,6,1,10006R,11,113,226,10,3,13,1000,1,
L202,TELIT-NPI-NEW,1CC01T0046,62.319,31.606,180,0,6,3,30006L,3,323,226,6,1,7,1000,1,
L203,TELIT-NPI-NEW,1CC01T0027,62.325,31.054,180,0,6,1,10011L,7,127,226,15,3,10,1000,1,
L204,TELIT-NPI-NEW,1CC01T0015,60.264,33.791,-90,0,6,1,10006R,12,114,226,5,2,9,1000,1,
L205,TELIT-NPI-NEW,1CC01T0033,62.874,27.991,180,0,6,1,10008L,7,127,226,1,1,11,1000,1,
L301,TELIT-NPI-NEW,1CC0101334MU,52.402,35.191,0,0,6,7,70005L,5,714,235,13,2,3,1000,1,
R102,TELIT-NPI-NEW,1AA01T0501,62.679,36.861,0,0,6,3,30008R,4,324,226,3,4,11,1000,1,
R105,TELIT-NPI-NEW,1AA01T0501,53.604,28.066,180,0,6,3,30008R,3,323,226,2,3,9,1000,1,
R106,TELIT-NPI-NEW,1AA01T0501,53.78,32.596,-90,0,6,3,30008R,4,324,226,2,4,11,1000,1,
R201,TELIT-NPI-NEW,1AA01T0598,50.299,31.296,180,0,6,1,10010L,5,125,226,15,3,16,1000,1,
R202,TELIT-NPI-NEW,1AA01T0646,50.299,30.746,0,0,6,1,10009L,8,128,226,10,2,9,1000,1,
R203,TELIT-NPI-NEW,1AA01T0526,59.894,36.546,-90,0,6,3,30005L,1,321,226,6,1,1,1000,1,
R204,TELIT-NPI-NEW,1AA01T0699,62.679,36.261,180,0,6,3,30006R,4,324,226,13,1,15,1000,1,
R205,TELIT-NPI-NEW,1AA01T0699,61.829,36.561,90,0,6,3,30006R,4,324,226,5,1,14,1000,1,
R302,TELIT-NPI-NEW,1AA01T0699,54.032,36.456,0,0,6,3,30006R,4,324,226,9,1,4,1000,1,
R303,TELIT-NPI-NEW,1AA01T0699,54.032,37.011,180,0,6,3,30006R,3,323,226,13,2,11,1000,1,
R305,TELIT-NPI-NEW,1AA01T0501,52.749,31.301,0,0,6,3,30008R,3,323,226,3,3,8,1000,1,
R307,TELIT-NPI-NEW,1AA01T0501,50.149,35.156,180,0,6,3,30008R,16,318,226,7,2,7,1000,1,
RKEY,TELIT-NPI-NEW,1AA01T0755,60.679,28.961,180,0,6,3,30005R,2,322,226,6,1,6,1000,1,
U201,TELIT-NPI-NEW,1DD0800440ARH,56.539,32.266,180,0,6,9,90018,1,922,1002,10,2,1,1000,1,
U202,TELIT-NPI-NEW,1DD0101078MXS,62.559,32.371,180,0,6,7,70007L,3,722,230,13,1,6,1000,1,
U301,TELIT-NPI-NEW,1DD0101242TPK,50.699,28.436,0,0,6,7,70006L,6,711,230,9,2,3,1000,1,
U302,TELIT-NPI-NEW,1DD0101236SGM,51.777,36.376,180,0,6,7,70008L,4,723,230,9,1,8,1000,1,
U303,TELIT-NPI-NEW,1DD0101289WAY,51.959,28.756,0,0,6,5,50005L,5,525,226,13,6,3,1000,1,
Y201,TELIT-NPI-NEW,1MM0200123PSN,57.744,36.361,180,0,6,7,70005R,5,714,235,7,2,3,1000,1,
Y202,TELIT-NPI-NEW,1MM0100202TXC,58.074,28.126,0,0,6,9,90019,3,923,1551,5,1,2,1000,1,
C201,TELIT-NPI-NEW,1BB01T0564,50.299,49.147,180,0,11,5,50006L,13,515,226,9,13,12,1000,1,
C202,TELIT-NPI-NEW,1BB01T0564,59.439,50.062,180,0,11,5,50006L,15,517,226,13,7,13,1000,1,
C203,TELIT-NPI-NEW,1BB01T0564,55.157,45.692,90,0,11,5,50006L,4,524,226,7,5,9,1000,1,
C204,TELIT-NPI-NEW,1BB01T0564,60.679,48.122,180,0,11,5,50006L,13,515,226,12,13,2,1000,1,
C205,TELIT-NPI-NEW,1BB01T0564,59.429,49.447,180,0,11,5,50006L,13,515,226,11,13,16,1000,1,
C206,TELIT-NPI-NEW,1BB01T0593,60.194,52.787,180,0,11,1,10008R,11,113,226,17,5,9,1000,1,
C207,TELIT-NPI-NEW,1BB01T0593,55.314,52.912,-90,0,11,1,10008R,16,118,226,6,2,6,1000,1,
C209,TELIT-NPI-NEW,1BB01T0564,59.434,48.737,180,0,11,5,50006L,14,516,226,12,14,11,1000,1,
C210,TELIT-NPI-NEW,1BB01T0564,59.454,48.127,180,0,11,5,50006L,14,516,226,11,14,4,1000,1,
C211,TELIT-NPI-NEW,1BB01T0564,53.78,48.712,90,0,11,5,50006L,4,524,226,9,5,2,1000,1,
C212,TELIT-NPI-NEW,1BB01T0564,60.679,47.417,180,0,11,5,50006L,14,516,226,9,14,10,1000,1,
C213,TELIT-NPI-NEW,1BB01T0513,59.264,54.037,-90,0,11,1,10007R,14,116,226,9,4,14,1000,1,
C214,TELIT-NPI-NEW,1BB01T0476,57.249,46.672,0,0,11,1,10005R,10,112,226,7,2,3,1000,1,
C215,TELIT-NPI-NEW,1BB01T0476,59.234,46.672,180,0,11,1,10005R,10,112,226,10,4,15,1000,1,
C217,TELIT-NPI-NEW,1BB01T0503,62.139,50.642,90,0,11,3,30007R,13,315,226,14,7,6,1000,1,
C218,TELIT-NPI-NEW,1BB01T0503,60.814,51.062,-90,0,11,3,30007R,14,316,226,10,2,12,1000,1,
C219,TELIT-NPI-NEW,1BB01T0593,57.789,52.312,0,0,11,1,10008R,10,112,226,17,4,4,1000,1,
C220,TELIT-NPI-NEW,1BB01T0393,62.689,50.642,-90,0,11,3,30007L,13,315,226,7,2,15,1000,1,
C221,TELIT-NPI-NEW,1BB01T0465,63.185,48.025,90,0,11,3,30008L,7,327,226,6,1,11,1000,1,
C222,TELIT-NPI-NEW,1BB01T0564,59.264,52.787,-90,0,11,5,50006L,14,516,226,8,14,14,1000,1,
C223,TELIT-NPI-NEW,1BB01T0564,60.474,53.817,90,0,11,5,50006L,5,525,226,9,4,5,1000,1,
C224,TELIT-NPI-NEW,1BB01T0564,55.812,45.697,-90,0,11,5,50006L,6,526,226,8,3,6,1000,1,
C225,TELIT-NPI-NEW,1BB01T0503,62.024,46.112,90,0,11,3,30007R,13,315,226,12,7,13,1000,1,
C227,TELIT-NPI-NEW,1BB01T0303,62.024,47.437,-90,0,11,1,10007L,5,125,226,5,1,2,1000,1,
C230,TELIT-NPI-NEW,1BB01T0503,62.024,44.962,90,0,11,3,30007R,14,316,226,13,8,6,1000,1,
C301,TELIT-NPI-NEW,1BB01T0564,50.399,46.987,-90,0,11,5,50006L,4,524,226,13,4,9,1000,1,
C302,TELIT-NPI-NEW,1BB01T0513,50.999,46.987,-90,0,11,1,10007R,6,126,226,4,1,1,1000,1,
C303,TELIT-NPI-NEW,1BB01T0512,50.292,53.447,180,0,11,7,70008R,8,713,230,3,2,6,1000,1,
C304,TELIT-NPI-NEW,1BB01T0314,54.032,53.177,180,0,11,1,10006L,3,123,226,5,1,8,1000,1,
C305,TELIT-NPI-NEW,1BB01T0593,50.699,44.727,180,0,11,1,10008R,6,126,226,18,3,7,1000,1,
C306,TELIT-NPI-NEW,1BB01T0588,53.052,53.847,-90,0,11,7,70006R,2,721,230,2,1,8,1000,1,
C307,TELIT-NPI-NEW,1BB01T0564,52.059,46.812,180,0,11,5,50006L,3,523,226,7,6,10,1000,1,
C308,TELIT-NPI-NEW,1BB01T0513,51.759,45.037,90,0,11,1,10007R,10,112,226,14,4,3,1000,1,
D201,TELIT-NPI-NEW,1YY0700123WAY,50.299,49.737,180,0,11,1,10005L,9,111,226,5,2,5,1000,1,
FL201,TELIT-NPI-NEW,1LL0500430MU,61.774,51.737,180,0,11,7,70007R,7,712,230,16,2,2,1000,1,
L201,TELIT-NPI-NEW,1CC01T0015,59.414,50.762,180,0,11,1,10006R,3,123,226,10,2,12,1000,1,
L202,TELIT-NPI-NEW,1CC01T0046,62.319,48.877,180,0,11,3,30006L,3,323,226,9,1,7,1000,1,
L203,TELIT-NPI-NEW,1CC01T0027,62.325,48.325,180,0,11,1,10011L,15,117,226,16,4,6,1000,1,
L204,TELIT-NPI-NEW,1CC01T0015,60.264,51.062,-90,0,11,1,10006R,4,124,226,5,1,10,1000,1,
L205,TELIT-NPI-NEW,1CC01T0033,62.874,45.262,180,0,11,1,10008L,15,117,226,6,2,12,1000,1,
L301,TELIT-NPI-NEW,1CC0101334MU,52.402,52.462,0,0,11,7,70005L,1,724,235,10,1,4,1000,1,
R102,TELIT-NPI-NEW,1AA01T0501,62.679,54.132,0,0,11,3,30008R,15,317,226,13,7,3,1000,1,
R105,TELIT-NPI-NEW,1AA01T0501,53.604,45.337,180,0,11,3,30008R,16,318,226,6,2,14,1000,1,
R106,TELIT-NPI-NEW,1AA01T0501,53.78,49.867,-90,0,11,3,30008R,15,317,226,2,7,14,1000,1,
R201,TELIT-NPI-NEW,1AA01T0598,50.299,48.567,180,0,11,1,10010L,14,116,226,14,3,12,1000,1,
R202,TELIT-NPI-NEW,1AA01T0646,50.299,48.017,0,0,11,1,10009L,8,128,226,12,2,2,1000,1,
R203,TELIT-NPI-NEW,1AA01T0526,59.894,53.817,-90,0,11,3,30005L,1,321,226,9,1,9,1000,1,
R204,TELIT-NPI-NEW,1AA01T0699,62.679,53.532,180,0,11,3,30006R,11,313,226,16,7,11,1000,1,
R205,TELIT-NPI-NEW,1AA01T0699,61.829,53.832,90,0,11,3,30006R,9,311,226,16,5,15,1000,1,
R302,TELIT-NPI-NEW,1AA01T0699,54.032,53.727,0,0,11,3,30006R,12,314,226,17,8,8,1000,1,
R303,TELIT-NPI-NEW,1AA01T0699,54.032,54.282,180,0,11,3,30006R,10,312,226,16,6,13,1000,1,
R305,TELIT-NPI-NEW,1AA01T0501,52.749,48.572,0,0,11,3,30008R,8,328,226,11,1,4,1000,1,
R307,TELIT-NPI-NEW,1AA01T0501,50.149,52.427,180,0,11,3,30008R,8,328,226,7,1,6,1000,1,
RKEY,TELIT-NPI-NEW,1AA01T0755,60.679,46.232,180,0,11,3,30005R,2,322,226,9,1,8,1000,1,
U201,TELIT-NPI-NEW,1DD0800440ARH,56.539,49.537,180,0,11,9,90018,1,922,1002,11,2,1,1000,1,
U202,TELIT-NPI-NEW,1DD0101078MXS,62.559,49.642,180,0,11,7,70007L,7,712,230,10,2,6,1000,1,
U301,TELIT-NPI-NEW,1DD0101242TPK,50.699,45.707,0,0,11,7,70006L,2,721,230,9,1,2,1000,1,
U302,TELIT-NPI-NEW,1DD0101236SGM,51.777,53.647,180,0,11,7,70008L,8,713,230,10,2,8,1000,1,
U303,TELIT-NPI-NEW,1DD0101289WAY,51.959,46.027,0,0,11,5,50005L,13,515,226,14,7,3,1000,1,
Y201,TELIT-NPI-NEW,1MM0200123PSN,57.744,53.632,180,0,11,7,70005R,5,714,235,6,2,5,1000,1,
Y202,TELIT-NPI-NEW,1MM0100202TXC,58.074,45.397,0,0,11,9,90019,3,923,1551,6,1,2,1000,1,
C201,TELIT-NPI-NEW,1BB01T0564,50.299,66.418,180,0,14,5,50006L,5,525,226,11,4,11,1000,1,
C202,TELIT-NPI-NEW,1BB01T0564,59.439,67.333,180,0,14,5,50006L,14,516,226,15,14,6,1000,1,
C203,TELIT-NPI-NEW,1BB01T0564,55.157,62.963,90,0,14,5,50006L,15,517,226,14,7,16,1000,1,
C204,TELIT-NPI-NEW,1BB01T0564,60.679,65.393,180,0,14,5,50006L,15,517,226,15,15,8,1000,1,
C205,TELIT-NPI-NEW,1BB01T0564,59.429,66.718,180,0,14,5,50006L,6,526,226,11,3,8,1000,1,
C206,TELIT-NPI-NEW,1BB01T0593,60.194,70.058,180,0,14,1,10008R,6,126,226,17,8,11,1000,1,
C207,TELIT-NPI-NEW,1BB01T0593,55.314,70.183,-90,0,14,1,10008R,8,128,226,6,1,5,1000,1,
C209,TELIT-NPI-NEW,1BB01T0564,59.434,66.008,180,0,14,5,50006L,14,516,226,10,14,16,1000,1,
C210,TELIT-NPI-NEW,1BB01T0564,59.454,65.398,180,0,14,5,50006L,13,515,226,10,13,14,1000,1,
C211,TELIT-NPI-NEW,1BB01T0564,53.78,65.983,90,0,14,5,50006L,5,525,226,10,4,4,1000,1,
C212,TELIT-NPI-NEW,1BB01T0564,60.679,64.688,180,0,14,5,50006L,6,526,226,12,3,8,1000,1,
C213,TELIT-NPI-NEW,1BB01T0513,59.264,71.308,-90,0,14,1,10007R,2,122,226,17,1,7,1000,1,
C214,TELIT-NPI-NEW,1BB01T0476,57.249,63.943,0,0,14,1,10005R,2,122,226,7,1,4,1000,1,
C215,TELIT-NPI-NEW,1BB01T0476,59.234,63.943,180,0,14,1,10005R,9,111,226,10,3,16,1000,1,
C217,TELIT-NPI-NEW,1BB01T0503,62.139,67.913,90,0,14,3,30007R,5,325,226,14,2,5,1000,1,
C218,TELIT-NPI-NEW,1BB01T0503,60.814,68.333,-90,0,14,3,30007R,6,326,226,10,1,11,1000,1,
C219,TELIT-NPI-NEW,1BB01T0593,57.789,69.583,0,0,14,1,10008R,7,127,226,17,9,12,1000,1,
C220,TELIT-NPI-NEW,1BB01T0393,62.689,67.913,-90,0,14,3,30007L,5,325,226,7,1,16,1000,1,
C221,TELIT-NPI-NEW,1BB01T0465,63.185,65.296,90,0,14,3,30008L,7,327,226,9,1,14,1000,1,
C222,TELIT-NPI-NEW,1BB01T0564,59.264,70.058,-90,0,14,5,50006L,12,514,226,15,12,2,1000,1,
C223,TELIT-NPI-NEW,1BB01T0564,60.474,71.088,90,0,14,5,50006L,6,526,226,10,3,12,1000,1,
C224,TELIT-NPI-NEW,1BB01T0564,55.812,62.968,-90,0,14,5,50006L,7,527,226,15,2,16,1000,1,
C225,TELIT-NPI-NEW,1BB01T0503,62.024,63.383,90,0,14,3,30007R,5,325,226,13,2,7,1000,1,
C227,TELIT-NPI-NEW,1BB01T0303,62.024,64.708,-90,0,14,1,10007L,13,115,226,8,2,2,1000,1,
C230,TELIT-NPI-NEW,1BB01T0503,62.024,62.233,90,0,14,3,30007R,14,316,226,5,2,5,1000,1,
C301,TELIT-NPI-NEW,1BB01T0564,50.399,64.258,-90,0,14,5,50006L,6,526,226,15,3,13,1000,1,
C302,TELIT-NPI-NEW,1BB01T0513,50.999,64.258,-90,0,14,1,10007R,6,126,226,9,1,13,1000,1,
C303,TELIT-NPI-NEW,1BB01T0512,50.292,70.718,180,0,14,7,70008R,4,723,230,3,1,5,1000,1,
C304,TELIT-NPI-NEW,1BB01T0314,54.032,70.448,180,0,14,1,10006L,11,113,226,8,2,1,1000,1,
C305,TELIT-NPI-NEW,1BB01T0593,50.699,61.998,180,0,14,1,10008R,7,127,226,18,2,15,1000,1,
C306,TELIT-NPI-NEW,1BB01T0588,53.052,71.118,-90,0,14,7,70006R,2,721,230,7,1,5,1000,1,
C307,TELIT-NPI-NEW,1BB01T0564,52.059,64.083,180,0,14,5,50006L,5,525,226,12,4,7,1000,1,
C308,TELIT-NPI-NEW,1BB01T0513,51.759,62.308,90,0,14,1,10007R,9,111,226,14,3,2,1000,1,
D201,TELIT-NPI-NEW,1YY0700123WAY,50.299,67.008,180,0,14,1,10005L,1,121,226,5,1,6,1000,1,
FL201,TELIT-NPI-NEW,1LL0500430MU,61.774,69.008,180,0,14,7,70007R,3,722,230,16,1,1,1000,1,
L201,TELIT-NPI-NEW,1CC01T0015,59.414,68.033,180,0,14,1,10006R,4,124,226,12,1,9,1000,1,
L202,TELIT-NPI-NEW,1CC01T0046,62.319,66.148,180,0,14,3,30006L,11,313,226,11,2,14,1000,1,
L203,TELIT-NPI-NEW,1CC01T0027,62.325,65.596,180,0,14,1,10011L,7,127,226,16,3,5,1000,1,
L204,TELIT-NPI-NEW,1CC01T0015,60.264,68.333,-90,0,14,1,10006R,3,123,226,11,2,12,1000,1,
L205,TELIT-NPI-NEW,1CC01T0033,62.874,62.533,180,0,14,1,10008L,7,127,226,6,1,11,1000,1,
L301,TELIT-NPI-NEW,1CC0101334MU,52.402,69.733,0,0,14,7,70005L,5,714,235,15,2,1,1000,1,
R102,TELIT-NPI-NEW,1AA01T0501,62.679,71.403,0,0,14,3,30008R,7,327,226,13,2,4,1000,1,
R105,TELIT-NPI-NEW,1AA01T0501,53.604,62.608,180,0,14,3,30008R,8,328,226,6,1,13,1000,1,
R106,TELIT-NPI-NEW,1AA01T0501,53.78,67.138,-90,0,14,3,30008R,16,318,226,13,8,2,1000,1,
R201,TELIT-NPI-NEW,1AA01T0598,50.299,65.838,180,0,14,1,10010L,6,126,226,14,2,13,1000,1,
R202,TELIT-NPI-NEW,1AA01T0646,50.299,65.288,0,0,14,1,10009L,4,124,226,14,2,5,1000,1,
R203,TELIT-NPI-NEW,1AA01T0526,59.894,71.088,-90,0,14,3,30005L,9,311,226,11,2,16,1000,1,
R204,TELIT-NPI-NEW,1AA01T0699,62.679,70.803,180,0,14,3,30006R,3,323,226,16,2,12,1000,1,
R205,TELIT-NPI-NEW,1AA01T0699,61.829,71.103,90,0,14,3,30006R,2,322,226,16,3,14,1000,1,
R302,TELIT-NPI-NEW,1AA01T0699,54.032,70.998,0,0,14,3,30006R,4,324,226,16,1,10,1000,1,
R303,TELIT-NPI-NEW,1AA01T0699,54.032,71.553,180,0,14,3,30006R,2,322,226,15,3,14,1000,1,
R305,TELIT-NPI-NEW,1AA01T0501,52.749,65.843,0,0,14,3,30008R,16,318,226,9,2,15,1000,1,
R307,TELIT-NPI-NEW,1AA01T0501,50.149,69.698,180,0,14,3,30008R,15,317,226,14,7,4,1000,1,
RKEY,TELIT-NPI-NEW,1AA01T0755,60.679,63.503,180,0,14,3,30005R,10,312,226,11,2,15,1000,1,
U201,TELIT-NPI-NEW,1DD0800440ARH,56.539,66.808,180,0,14,9,90018,1,922,1002,13,2,1,1000,1,
U202,TELIT-NPI-NEW,1DD0101078MXS,62.559,66.913,180,0,14,7,70007L,3,722,230,8,1,5,1000,1,
U301,TELIT-NPI-NEW,1DD0101242TPK,50.699,62.978,0,0,14,7,70006L,6,711,230,12,2,4,1000,1,
U302,TELIT-NPI-NEW,1DD0101236SGM,51.777,70.918,180,0,14,7,70008L,4,723,230,12,1,7,1000,1,
U303,TELIT-NPI-NEW,1DD0101289WAY,51.959,63.298,0,0,14,5,50005L,5,525,226,14,6,2,1000,1,
Y201,TELIT-NPI-NEW,1MM0200123PSN,57.744,70.903,180,0,14,7,70005R,1,724,235,6,1,6,1000,1,
Y202,TELIT-NPI-NEW,1MM0100202TXC,58.074,62.668,0,0,14,9,90019,3,923,1551,8,1,2,1000,1,
C201,TELIT-NPI-NEW,1BB01T0564,71.381,14.605,180,0,4,5,50006L,14,516,226,6,14,2,1000,1,
C202,TELIT-NPI-NEW,1BB01T0564,80.521,15.52,180,0,4,5,50006L,16,518,226,8,16,5,1000,1,
C203,TELIT-NPI-NEW,1BB01T0564,76.239,11.15,90,0,4,5,50006L,15,517,226,3,15,2,1000,1,
C204,TELIT-NPI-NEW,1BB01T0564,81.761,13.58,180,0,4,5,50006L,16,518,226,3,16,12,1000,1,
C205,TELIT-NPI-NEW,1BB01T0564,80.511,14.905,180,0,4,5,50006L,15,517,226,7,15,7,1000,1,
C206,TELIT-NPI-NEW,1BB01T0593,81.276,18.245,180,0,4,1,10008R,16,118,226,8,2,6,1000,1,
C207,TELIT-NPI-NEW,1BB01T0593,76.396,18.37,-90,0,4,1,10008R,15,117,226,9,3,4,1000,1,
C209,TELIT-NPI-NEW,1BB01T0564,80.516,14.195,180,0,4,5,50006L,16,518,226,7,16,3,1000,1,
C210,TELIT-NPI-NEW,1BB01T0564,80.536,13.585,180,0,4,5,50006L,15,517,226,6,15,6,1000,1,
C211,TELIT-NPI-NEW,1BB01T0564,74.862,14.17,90,0,4,5,50006L,15,517,226,1,15,10,1000,1,
C212,TELIT-NPI-NEW,1BB01T0564,81.761,12.875,180,0,4,5,50006L,16,518,226,6,16,13,1000,1,
C213,TELIT-NPI-NEW,1BB01T0513,80.346,19.495,-90,0,4,1,10007R,14,116,226,3,2,4,1000,1,
C214,TELIT-NPI-NEW,1BB01T0476,78.331,12.13,0,0,4,1,10005R,1,121,226,11,2,16,1000,1,
C215,TELIT-NPI-NEW,1BB01T0476,80.316,12.13,180,0,4,1,10005R,10,112,226,8,2,11,1000,1,
C217,TELIT-NPI-NEW,1BB01T0503,83.221,16.1,90,0,4,3,30007R,13,315,226,3,7,2,1000,1,
C218,TELIT-NPI-NEW,1BB01T0503,81.896,16.52,-90,0,4,3,30007R,14,316,226,8,2,12,1000,1,
C219,TELIT-NPI-NEW,1BB01T0593,78.871,17.77,0,0,4,1,10008R,16,118,226,5,2,14,1000,1,
C220,TELIT-NPI-NEW,1BB01T0393,83.771,16.1,-90,0,4,3,30007L,13,315,226,8,2,9,1000,1,
C221,TELIT-NPI-NEW,1BB01T0465,84.267,13.483,90,0,4,3,30008L,15,317,226,6,2,10,1000,1,
C222,TELIT-NPI-NEW,1BB01T0564,80.346,18.245,-90,0,4,5,50006L,15,517,226,5,15,4,1000,1,
C223,TELIT-NPI-NEW,1BB01T0564,81.556,19.275,90,0,4,5,50006L,16,518,226,1,16,4,1000,1,
C224,TELIT-NPI-NEW,1BB01T0564,76.894,11.155,-90,0,4,5,50006L,14,516,226,5,14,2,1000,1,
C225,TELIT-NPI-NEW,1BB01T0503,83.106,11.57,90,0,4,3,30007R,14,316,226,3,8,9,1000,1,
C227,TELIT-NPI-NEW,1BB01T0303,83.106,12.895,-90,0,4,1,10007L,13,115,226,3,2,2,1000,1,
C230,TELIT-NPI-NEW,1BB01T0503,83.106,10.42,90,0,4,3,30007R,14,316,226,2,8,3,1000,1,
C301,TELIT-NPI-NEW,1BB01T0564,71.481,12.445,-90,0,4,5,50006L,16,518,226,2,16,6,1000,1,
C302,TELIT-NPI-NEW,1BB01T0513,72.081,12.445,-90,0,4,1,10007R,14,116,226,2,2,2,1000,1,
C303,TELIT-NPI-NEW,1BB01T0512,71.374,18.905,180,0,4,7,70008R,8,713,230,2,2,4,1000,1,
C304,TELIT-NPI-NEW,1BB01T0314,75.114,18.635,180,0,4,1,10006L,11,113,226,3,2,16,1000,1,
C305,TELIT-NPI-NEW,1BB01T0593,71.781,10.185,180,0,4,1,10008R,16,118,226,18,16,2,1000,1,
C306,TELIT-NPI-NEW,1BB01T0588,74.134,19.305,-90,0,4,7,70006R,6,711,230,4,2,6,1000,1,
C307,TELIT-NPI-NEW,1BB01T0564,73.141,12.27,180,0,4,5,50006L,16,518,226,4,16,12,1000,1,
C308,TELIT-NPI-NEW,1BB01T0513,72.841,10.495,90,0,4,1,10007R,14,116,226,8,2,8,1000,1,
D201,TELIT-NPI-NEW,1YY0700123WAY,71.381,15.195,180,0,4,1,10005L,9,111,226,8,2,9,1000,1,
FL201,TELIT-NPI-NEW,1LL0500430MU,82.856,17.195,180,0,4,7,70007R,7,712,230,4,2,2,1000,1,
L201,TELIT-NPI-NEW,1CC01T0015,80.496,16.22,180,0,4,1,10006R,12,114,226,3,2,14,1000,1,
L202,TELIT-NPI-NEW,1CC01T0046,83.401,14.335,180,0,4,3,30006L,11,313,226,8,2,6,1000,1,
L203,TELIT-NPI-NEW,1CC01T0027,83.407,13.783,180,0,4,1,10011L,16,118,226,15,5,14,1000,1,
L204,TELIT-NPI-NEW,1CC01T0015,81.346,16.52,-90,0,4,1,10006R,12,114,226,8,2,13,1000,1,
L205,TELIT-NPI-NEW,1CC01T0033,83.956,10.72,180,0,4,1,10008L,15,117,226,5,2,13,1000,1,
L301,TELIT-NPI-NEW,1CC0101334MU,73.484,17.92,0,0,4,7,70005L,5,714,235,11,2,2,1000,1,
R102,TELIT-NPI-NEW,1AA01T0501,83.761,19.59,0,0,4,3,30008R,15,317,226,3,7,14,1000,1,
R105,TELIT-NPI-NEW,1AA01T0501,74.686,10.795,180,0,4,3,30008R,16,318,226,1,8,10,1000,1,
R106,TELIT-NPI-NEW,1AA01T0501,74.862,15.325,-90,0,4,3,30008R,16,318,226,8,2,13,1000,1,
R201,TELIT-NPI-NEW,1AA01T0598,71.381,14.025,180,0,4,1,10010L,14,116,226,15,5,3,1000,1,
R202,TELIT-NPI-NEW,1AA01T0646,71.381,13.475,0,0,4,1,10009L,16,118,226,12,3,6,1000,1,
R203,TELIT-NPI-NEW,1AA01T0526,80.976,19.275,-90,0,4,3,30005L,9,311,226,8,2,2,1000,1,
R204,TELIT-NPI-NEW,1AA01T0699,83.761,18.99,180,0,4,3,30006R,12,314,226,8,2,8,1000,1,
R205,TELIT-NPI-NEW,1AA01T0699,82.911,19.29,90,0,4,3,30006R,12,314,226,6,2,3,1000,1,
R302,TELIT-NPI-NEW,1AA01T0699,75.114,19.185,0,0,4,3,30006R,11,313,226,14,7,16,1000,1,
R303,TELIT-NPI-NEW,1AA01T0699,75.114,19.74,180,0,4,3,30006R,12,314,226,14,8,14,1000,1,
R305,TELIT-NPI-NEW,1AA01T0501,73.831,14.03,0,0,4,3,30008R,16,318,226,4,2,7,1000,1,
R307,TELIT-NPI-NEW,1AA01T0501,71.231,17.885,180,0,4,3,30008R,15,317,226,1,7,13,1000,1,
RKEY,TELIT-NPI-NEW,1AA01T0755,81.761,11.69,180,0,4,3,30005R,10,312,226,8,2,3,1000,1,
U201,TELIT-NPI-NEW,1DD0800440ARH,77.621,14.995,180,0,4,9,90018,1,922,1002,12,2,1,1000,1,
U202,TELIT-NPI-NEW,1DD0101078MXS,83.641,15.1,180,0,4,7,70007L,3,722,230,11,1,5,1000,1,
U301,TELIT-NPI-NEW,1DD0101242TPK,71.781,11.165,0,0,4,7,70006L,6,711,230,11,2,3,1000,1,
U302,TELIT-NPI-NEW,1DD0101236SGM,72.859,19.105,180,0,4,7,70008L,8,713,230,9,2,7,1000,1,
U303,TELIT-NPI-NEW,1DD0101289WAY,73.041,11.485,0,0,4,5,50005L,14,516,226,13,8,7,1000,1,
Y201,TELIT-NPI-NEW,1MM0200123PSN,78.826,19.09,180,0,4,7,70005R,1,724,235,4,1,4,1000,1,
Y202,TELIT-NPI-NEW,1MM0100202TXC,79.156,10.855,0,0,4,9,90019,3,923,1551,1,1,2,1000,1,
C201,TELIT-NPI-NEW,1BB01T0564,71.381,31.876,180,0,5,5,50006L,6,526,226,6,3,3,1000,1,
C202,TELIT-NPI-NEW,1BB01T0564,80.521,32.791,180,0,5,5,50006L,8,528,226,8,1,4,1000,1,
C203,TELIT-NPI-NEW,1BB01T0564,76.239,28.421,90,0,5,5,50006L,7,527,226,3,2,3,1000,1,
C204,TELIT-NPI-NEW,1BB01T0564,81.761,30.851,180,0,5,5,50006L,8,528,226,7,1,4,1000,1,
C205,TELIT-NPI-NEW,1BB01T0564,80.511,32.176,180,0,5,5,50006L,8,528,226,3,1,13,1000,1,
C206,TELIT-NPI-NEW,1BB01T0593,81.276,35.516,180,0,5,1,10008R,16,118,226,3,2,8,1000,1,
C207,TELIT-NPI-NEW,1BB01T0593,76.396,35.641,-90,0,5,1,10008R,16,118,226,4,2,14,1000,1,
C209,TELIT-NPI-NEW,1BB01T0564,80.516,31.466,180,0,5,5,50006L,7,527,226,6,2,12,1000,1,
C210,TELIT-NPI-NEW,1BB01T0564,80.536,30.856,180,0,5,5,50006L,8,528,226,6,1,14,1000,1,
C211,TELIT-NPI-NEW,1BB01T0564,74.862,31.441,90,0,5,5,50006L,7,527,226,1,2,11,1000,1,
C212,TELIT-NPI-NEW,1BB01T0564,81.761,30.146,180,0,5,5,50006L,7,527,226,9,2,14,1000,1,
C213,TELIT-NPI-NEW,1BB01T0513,80.346,36.766,-90,0,5,1,10007R,6,126,226,3,1,3,1000,1,
C214,TELIT-NPI-NEW,1BB01T0476,78.331,29.401,0,0,5,1,10005R,2,122,226,11,1,15,1000,1,
C215,TELIT-NPI-NEW,1BB01T0476,80.316,29.401,180,0,5,1,10005R,2,122,226,8,1,12,1000,1,
C217,TELIT-NPI-NEW,1BB01T0503,83.221,33.371,90,0,5,3,30007R,5,325,226,3,6,3,1000,1,
C218,TELIT-NPI-NEW,1BB01T0503,81.896,33.791,-90,0,5,3,30007R,6,326,226,8,1,11,1000,1,
C219,TELIT-NPI-NEW,1BB01T0593,78.871,35.041,0,0,5,1,10008R,8,128,226,8,1,5,1000,1,
C220,TELIT-NPI-NEW,1BB01T0393,83.771,33.371,-90,0,5,3,30007L,5,325,226,8,1,10,1000,1,
C221,TELIT-NPI-NEW,1BB01T0465,84.267,30.754,90,0,5,3,30008L,15,317,226,5,2,8,1000,1,
C222,TELIT-NPI-NEW,1BB01T0564,80.346,35.516,-90,0,5,5,50006L,7,527,226,5,2,3,1000,1,
C223,TELIT-NPI-NEW,1BB01T0564,81.556,36.546,90,0,5,5,50006L,8,528,226,1,1,5,1000,1,
C224,TELIT-NPI-NEW,1BB01T0564,76.894,28.426,-90,0,5,5,50006L,6,526,226,5,3,1,1000,1,
C225,TELIT-NPI-NEW,1BB01T0503,83.106,28.841,90,0,5,3,30007R,6,326,226,3,5,10,1000,1,
C227,TELIT-NPI-NEW,1BB01T0303,83.106,30.166,-90,0,5,1,10007L,5,125,226,3,1,1,1000,1,
C230,TELIT-NPI-NEW,1BB01T0503,83.106,27.691,90,0,5,3,30007R,6,326,226,2,5,2,1000,1,
C301,TELIT-NPI-NEW,1BB01T0564,71.481,29.716,-90,0,5,5,50006L,8,528,226,2,1,5,1000,1,
C302,TELIT-NPI-NEW,1BB01T0513,72.081,29.716,-90,0,5,1,10007R,14,116,226,5,2,3,1000,1,
C303,TELIT-NPI-NEW,1BB01T0512,71.374,36.176,180,0,5,7,70008R,4,723,230,2,1,3,1000,1,
C304,TELIT-NPI-NEW,1BB01T0314,75.114,35.906,180,0,5,1,10006L,3,123,226,3,1,15,1000,1,
C305,TELIT-NPI-NEW,1BB01T0593,71.781,27.456,180,0,5,1,10008R,8,128,226,5,1,15,1000,1,
C306,TELIT-NPI-NEW,1BB01T0588,74.134,36.576,-90,0,5,7,70006R,2,721,230,4,1,5,1000,1,
C307,TELIT-NPI-NEW,1BB01T0564,73.141,29.541,180,0,5,5,50006L,7,527,226,7,2,6,1000,1,
C308,TELIT-NPI-NEW,1BB01T0513,72.841,27.766,90,0,5,1,10007R,6,126,226,8,1,7,1000,1,
D201,TELIT-NPI-NEW,1YY0700123WAY,71.381,32.466,180,0,5,1,10005L,1,121,226,8,1,10,1000,1,
FL201,TELIT-NPI-NEW,1LL0500430MU,82.856,34.466,180,0,5,7,70007R,3,722,230,4,1,1,1000,1,
L201,TELIT-NPI-NEW,1CC01T0015,80.496,33.491,180,0,5,1,10006R,4,124,226,3,1,13,1000,1,
L202,TELIT-NPI-NEW,1CC01T0046,83.401,31.606,180,0,5,3,30006L,3,323,226,8,1,5,1000,1,
L203,TELIT-NPI-NEW,1CC01T0027,83.407,31.054,180,0,5,1,10011L,8,128,226,15,2,13,1000,1,
L204,TELIT-NPI-NEW,1CC01T0015,81.346,33.791,-90,0,5,1,10006R,4,124,226,8,1,14,1000,1,
L205,TELIT-NPI-NEW,1CC01T0033,83.956,27.991,180,0,5,1,10008L,15,117,226,3,2,6,1000,1,
L301,TELIT-NPI-NEW,1CC0101334MU,73.484,35.191,0,0,5,7,70005L,1,724,235,11,1,1,1000,1,
R102,TELIT-NPI-NEW,1AA01T0501,83.761,36.861,0,0,5,3,30008R,7,327,226,3,6,13,1000,1,
R105,TELIT-NPI-NEW,1AA01T0501,74.686,28.066,180,0,5,3,30008R,8,328,226,1,5,7,1000,1,
R106,TELIT-NPI-NEW,1AA01T0501,74.862,32.596,-90,0,5,3,30008R,8,328,226,8,1,14,1000,1,
R201,TELIT-NPI-NEW,1AA01T0598,71.381,31.296,180,0,5,1,10010L,6,126,226,15,2,4,1000,1,
R202,TELIT-NPI-NEW,1AA01T0646,71.381,30.746,0,0,5,1,10009L,16,118,226,9,3,11,1000,1,
R203,TELIT-NPI-NEW,1AA01T0526,80.976,36.546,-90,0,5,3,30005L,1,321,226,8,1,1,1000,1,
R204,TELIT-NPI-NEW,1AA01T0699,83.761,36.261,180,0,5,3,30006R,4,324,226,8,1,7,1000,1,
R205,TELIT-NPI-NEW,1AA01T0699,82.911,36.561,90,0,5,3,30006R,4,324,226,6,1,4,1000,1,
R302,TELIT-NPI-NEW,1AA01T0699,75.114,36.456,0,0,5,3,30006R,3,323,226,14,2,15,1000,1,
R303,TELIT-NPI-NEW,1AA01T0699,75.114,37.011,180,0,5,3,30006R,4,324,226,14,1,13,1000,1,
R305,TELIT-NPI-NEW,1AA01T0501,73.831,31.301,0,0,5,3,30008R,16,318,226,2,8,16,1000,1,
R307,TELIT-NPI-NEW,1AA01T0501,71.231,35.156,180,0,5,3,30008R,7,327,226,1,6,14,1000,1,
RKEY,TELIT-NPI-NEW,1AA01T0755,81.761,28.961,180,0,5,3,30005R,2,322,226,8,1,4,1000,1,
U201,TELIT-NPI-NEW,1DD0800440ARH,77.621,32.266,180,0,5,9,90018,1,922,1002,15,2,1,1000,1,
U202,TELIT-NPI-NEW,1DD0101078MXS,83.641,32.371,180,0,5,7,70007L,7,712,230,9,2,5,1000,1,
U301,TELIT-NPI-NEW,1DD0101242TPK,71.781,28.436,0,0,5,7,70006L,6,711,230,10,2,3,1000,1,
U302,TELIT-NPI-NEW,1DD0101236SGM,72.859,36.376,180,0,5,7,70008L,8,713,230,8,2,8,1000,1,
U303,TELIT-NPI-NEW,1DD0101289WAY,73.041,28.756,0,0,5,5,50005L,6,526,226,13,5,6,1000,1,
Y201,TELIT-NPI-NEW,1MM0200123PSN,78.826,36.361,180,0,5,7,70005R,5,714,235,16,2,7,1000,1,
Y202,TELIT-NPI-NEW,1MM0100202TXC,79.156,28.126,0,0,5,9,90019,3,923,1551,2,1,2,1000,1,
C201,TELIT-NPI-NEW,1BB01T0564,71.381,49.147,180,0,12,5,50006L,7,527,226,13,6,10,1000,1,
C202,TELIT-NPI-NEW,1BB01T0564,80.521,50.062,180,0,12,5,50006L,8,528,226,13,5,11,1000,1,
C203,TELIT-NPI-NEW,1BB01T0564,76.239,45.692,90,0,12,5,50006L,6,526,226,9,3,1,1000,1,
C204,TELIT-NPI-NEW,1BB01T0564,81.761,48.122,180,0,12,5,50006L,15,517,226,12,15,3,1000,1,
C205,TELIT-NPI-NEW,1BB01T0564,80.511,49.447,180,0,12,5,50006L,16,518,226,11,16,2,1000,1,
C206,TELIT-NPI-NEW,1BB01T0593,81.276,52.787,180,0,12,1,10008R,8,128,226,3,1,7,1000,1,
C207,TELIT-NPI-NEW,1BB01T0593,76.396,52.912,-90,0,12,1,10008R,8,128,226,4,1,13,1000,1,
C209,TELIT-NPI-NEW,1BB01T0564,80.516,48.737,180,0,12,5,50006L,15,517,226,11,15,13,1000,1,
C210,TELIT-NPI-NEW,1BB01T0564,80.536,48.127,180,0,12,5,50006L,16,518,226,12,16,9,1000,1,
C211,TELIT-NPI-NEW,1BB01T0564,74.862,48.712,90,0,12,5,50006L,15,517,226,10,15,2,1000,1,
C212,TELIT-NPI-NEW,1BB01T0564,81.761,47.417,180,0,12,5,50006L,16,518,226,9,16,9,1000,1,
C213,TELIT-NPI-NEW,1BB01T0513,80.346,54.037,-90,0,12,1,10007R,14,116,226,7,2,12,1000,1,
C214,TELIT-NPI-NEW,1BB01T0476,78.331,46.672,0,0,12,1,10005R,9,111,226,12,3,15,1000,1,
C215,TELIT-NPI-NEW,1BB01T0476,80.316,46.672,180,0,12,1,10005R,10,112,226,12,4,12,1000,1,
C217,TELIT-NPI-NEW,1BB01T0503,83.221,50.642,90,0,12,3,30007R,14,316,226,14,8,8,1000,1,
C218,TELIT-NPI-NEW,1BB01T0503,81.896,51.062,-90,0,12,3,30007R,14,316,226,9,2,11,1000,1,
C219,TELIT-NPI-NEW,1BB01T0593,78.871,52.312,0,0,12,1,10008R,16,118,226,7,2,14,1000,1,
C220,TELIT-NPI-NEW,1BB01T0393,83.771,50.642,-90,0,12,3,30007L,13,315,226,10,2,9,1000,1,
C221,TELIT-NPI-NEW,1BB01T0465,84.267,48.025,90,0,12,3,30008L,7,327,226,5,1,9,1000,1,
C222,TELIT-NPI-NEW,1BB01T0564,80.346,52.787,-90,0,12,5,50006L,8,528,226,5,1,9,1000,1,
C223,TELIT-NPI-NEW,1BB01T0564,81.556,53.817,90,0,12,5,50006L,8,528,226,9,1,7,1000,1,
C224,TELIT-NPI-NEW,1BB01T0564,76.894,45.697,-90,0,12,5,50006L,16,518,226,5,16,12,1000,1,
C225,TELIT-NPI-NEW,1BB01T0503,83.106,46.112,90,0,12,3,30007R,6,326,226,5,1,12,1000,1,
C227,TELIT-NPI-NEW,1BB01T0303,83.106,47.437,-90,0,12,1,10007L,13,115,226,7,2,2,1000,1,
C230,TELIT-NPI-NEW,1BB01T0503,83.106,44.962,90,0,12,3,30007R,6,326,226,6,1,9,1000,1,
C301,TELIT-NPI-NEW,1BB01T0564,71.481,46.987,-90,0,12,5,50006L,15,517,226,8,15,13,1000,1,
C302,TELIT-NPI-NEW,1BB01T0513,72.081,46.987,-90,0,12,1,10007R,6,126,226,5,1,1,1000,1,
C303,TELIT-NPI-NEW,1BB01T0512,71.374,53.447,180,0,12,7,70008R,8,713,230,4,2,8,1000,1,
C304,TELIT-NPI-NEW,1BB01T0314,75.114,53.177,180,0,12,1,10006L,11,113,226,7,2,7,1000,1,
C305,TELIT-NPI-NEW,1BB01T0593,71.781,44.727,180,0,12,1,10008R,7,127,226,9,2,7,1000,1,
C306,TELIT-NPI-NEW,1BB01T0588,74.134,53.847,-90,0,12,7,70006R,6,711,230,6,2,8,1000,1,
C307,TELIT-NPI-NEW,1BB01T0564,73.141,46.812,180,0,12,5,50006L,15,517,226,9,15,8,1000,1,
C308,TELIT-NPI-NEW,1BB01T0513,72.841,45.037,90,0,12,1,10007R,1,121,226,17,2,1,1000,1,
D201,TELIT-NPI-NEW,1YY0700123WAY,71.381,49.737,180,0,12,1,10005L,9,111,226,7,2,6,1000,1,
FL201,TELIT-NPI-NEW,1LL0500430MU,82.856,51.737,180,0,12,7,70007R,7,712,230,7,2,2,1000,1,
L201,TELIT-NPI-NEW,1CC01T0015,80.496,50.762,180,0,12,1,10006R,12,114,226,12,4,10,1000,1,
L202,TELIT-NPI-NEW,1CC01T0046,83.401,48.877,180,0,12,3,30006L,11,313,226,10,2,6,1000,1,
L203,TELIT-NPI-NEW,1CC01T0027,83.407,48.325,180,0,12,1,10011L,16,118,226,14,3,7,1000,1,
L204,TELIT-NPI-NEW,1CC01T0015,81.346,51.062,-90,0,12,1,10006R,12,114,226,7,2,9,1000,1,
L205,TELIT-NPI-NEW,1CC01T0033,83.956,45.262,180,0,12,1,10008L,7,127,226,3,1,5,1000,1,
L301,TELIT-NPI-NEW,1CC0101334MU,73.484,52.462,0,0,12,7,70005L,5,714,235,14,2,2,1000,1,
R102,TELIT-NPI-NEW,1AA01T0501,83.761,54.132,0,0,12,3,30008R,8,328,226,4,1,14,1000,1,
R105,TELIT-NPI-NEW,1AA01T0501,74.686,45.337,180,0,12,3,30008R,7,327,226,2,6,13,1000,1,
R106,TELIT-NPI-NEW,1AA01T0501,74.862,49.867,-90,0,12,3,30008R,16,318,226,10,2,14,1000,1,
R201,TELIT-NPI-NEW,1AA01T0598,71.381,48.567,180,0,12,1,10010L,15,117,226,14,4,10,1000,1,
R202,TELIT-NPI-NEW,1AA01T0646,71.381,48.017,0,0,12,1,10009L,8,128,226,9,2,10,1000,1,
R203,TELIT-NPI-NEW,1AA01T0526,80.976,53.817,-90,0,12,3,30005L,9,311,226,10,2,2,1000,1,
R204,TELIT-NPI-NEW,1AA01T0699,83.761,53.532,180,0,12,3,30006R,12,314,226,10,2,8,1000,1,
R205,TELIT-NPI-NEW,1AA01T0699,82.911,53.832,90,0,12,3,30006R,9,311,226,17,5,14,1000,1,
R302,TELIT-NPI-NEW,1AA01T0699,75.114,53.727,0,0,12,3,30006R,11,313,226,17,7,11,1000,1,
R303,TELIT-NPI-NEW,1AA01T0699,75.114,54.282,180,0,12,3,30006R,10,312,226,17,6,13,1000,1,
R305,TELIT-NPI-NEW,1AA01T0501,73.831,48.572,0,0,12,3,30008R,8,328,226,2,5,15,1000,1,
R307,TELIT-NPI-NEW,1AA01T0501,71.231,52.427,180,0,12,3,30008R,16,318,226,3,8,16,1000,1,
RKEY,TELIT-NPI-NEW,1AA01T0755,81.761,46.232,180,0,12,3,30005R,10,312,226,10,2,3,1000,1,
U201,TELIT-NPI-NEW,1DD0800440ARH,77.621,49.537,180,0,12,9,90018,1,922,1002,14,2,1,1000,1,
U202,TELIT-NPI-NEW,1DD0101078MXS,83.641,49.642,180,0,12,7,70007L,3,722,230,9,1,6,1000,1,
U301,TELIT-NPI-NEW,1DD0101242TPK,71.781,45.707,0,0,12,7,70006L,2,721,230,10,1,2,1000,1,
U302,TELIT-NPI-NEW,1DD0101236SGM,72.859,53.647,180,0,12,7,70008L,4,723,230,8,1,7,1000,1,
U303,TELIT-NPI-NEW,1DD0101289WAY,73.041,46.027,0,0,12,5,50005L,14,516,226,14,8,6,1000,1,
Y201,TELIT-NPI-NEW,1MM0200123PSN,78.826,53.632,180,0,12,7,70005R,1,724,235,16,1,8,1000,1,
Y202,TELIT-NPI-NEW,1MM0100202TXC,79.156,45.397,0,0,12,9,90019,3,923,1551,4,1,2,1000,1,
C201,TELIT-NPI-NEW,1BB01T0564,71.381,66.418,180,0,13,5,50006L,7,527,226,11,2,12,1000,1,
C202,TELIT-NPI-NEW,1BB01T0564,80.521,67.333,180,0,13,5,50006L,16,518,226,15,16,5,1000,1,
C203,TELIT-NPI-NEW,1BB01T0564,76.239,62.963,90,0,13,5,50006L,16,518,226,14,8,13,1000,1,
C204,TELIT-NPI-NEW,1BB01T0564,81.761,65.393,180,0,13,5,50006L,8,528,226,14,5,12,1000,1,
C205,TELIT-NPI-NEW,1BB01T0564,80.511,66.718,180,0,13,5,50006L,8,528,226,11,1,3,1000,1,
C206,TELIT-NPI-NEW,1BB01T0593,81.276,70.058,180,0,13,1,10008R,13,115,226,17,7,6,1000,1,
C207,TELIT-NPI-NEW,1BB01T0593,76.396,70.183,-90,0,13,1,10008R,12,114,226,17,6,5,1000,1,
C209,TELIT-NPI-NEW,1BB01T0564,80.516,66.008,180,0,13,5,50006L,8,528,226,12,1,10,1000,1,
C210,TELIT-NPI-NEW,1BB01T0564,80.536,65.398,180,0,13,5,50006L,7,527,226,12,2,6,1000,1,
C211,TELIT-NPI-NEW,1BB01T0564,74.862,65.983,90,0,13,5,50006L,7,527,226,10,2,3,1000,1,
C212,TELIT-NPI-NEW,1BB01T0564,81.761,64.688,180,0,13,5,50006L,16,518,226,10,16,15,1000,1,
C213,TELIT-NPI-NEW,1BB01T0513,80.346,71.308,-90,0,13,1,10007R,6,126,226,7,1,11,1000,1,
C214,TELIT-NPI-NEW,1BB01T0476,78.331,63.943,0,0,13,1,10005R,1,121,226,12,2,14,1000,1,
C215,TELIT-NPI-NEW,1BB01T0476,80.316,63.943,180,0,13,1,10005R,2,122,226,12,1,13,1000,1,
C217,TELIT-NPI-NEW,1BB01T0503,83.221,67.913,90,0,13,3,30007R,6,326,226,14,1,9,1000,1,
C218,TELIT-NPI-NEW,1BB01T0503,81.896,68.333,-90,0,13,3,30007R,6,326,226,9,1,12,1000,1,
C219,TELIT-NPI-NEW,1BB01T0593,78.871,69.583,0,0,13,1,10008R,8,128,226,7,1,13,1000,1,
C220,TELIT-NPI-NEW,1BB01T0393,83.771,67.913,-90,0,13,3,30007L,5,325,226,10,1,10,1000,1,
C221,TELIT-NPI-NEW,1BB01T0465,84.267,65.296,90,0,13,3,30008L,15,317,226,9,2,16,1000,1,
C222,TELIT-NPI-NEW,1BB01T0564,80.346,70.058,-90,0,13,5,50006L,7,527,226,14,6,10,1000,1,
C223,TELIT-NPI-NEW,1BB01T0564,81.556,71.088,90,0,13,5,50006L,8,528,226,10,1,13,1000,1,
C224,TELIT-NPI-NEW,1BB01T0564,76.894,62.968,-90,0,13,5,50006L,16,518,226,13,8,14,1000,1,
C225,TELIT-NPI-NEW,1BB01T0503,83.106,63.383,90,0,13,3,30007R,6,326,226,13,1,8,1000,1,
C227,TELIT-NPI-NEW,1BB01T0303,83.106,64.708,-90,0,13,1,10007L,5,125,226,7,1,1,1000,1,
C230,TELIT-NPI-NEW,1BB01T0503,83.106,62.233,90,0,13,3,30007R,5,325,226,17,2,9,1000,1,
C301,TELIT-NPI-NEW,1BB01T0564,71.481,64.258,-90,0,13,5,50006L,8,528,226,15,1,12,1000,1,
C302,TELIT-NPI-NEW,1BB01T0513,72.081,64.258,-90,0,13,1,10007R,4,124,226,17,8,8,1000,1,
C303,TELIT-NPI-NEW,1BB01T0512,71.374,70.718,180,0,13,7,70008R,4,723,230,4,1,7,1000,1,
C304,TELIT-NPI-NEW,1BB01T0314,75.114,70.448,180,0,13,1,10006L,3,123,226,7,1,8,1000,1,
C305,TELIT-NPI-NEW,1BB01T0593,71.781,61.998,180,0,13,1,10008R,3,123,226,17,2,3,1000,1,
C306,TELIT-NPI-NEW,1BB01T0588,74.134,71.118,-90,0,13,7,70006R,2,721,230,6,1,7,1000,1,
C307,TELIT-NPI-NEW,1BB01T0564,73.141,64.083,180,0,13,5,50006L,1,521,226,15,8,1,1000,1,
C308,TELIT-NPI-NEW,1BB01T0513,72.841,62.308,90,0,13,1,10007R,5,125,226,17,9,10,1000,1,
D201,TELIT-NPI-NEW,1YY0700123WAY,71.381,67.008,180,0,13,1,10005L,1,121,226,7,1,5,1000,1,
FL201,TELIT-NPI-NEW,1LL0500430MU,82.856,69.008,180,0,13,7,70007R,3,722,230,7,1,1,1000,1,
L201,TELIT-NPI-NEW,1CC01T0015,80.496,68.033,180,0,13,1,10006R,3,123,226,12,2,11,1000,1,
L202,TELIT-NPI-NEW,1CC01T0046,83.401,66.148,180,0,13,3,30006L,3,323,226,10,1,5,1000,1,
L203,TELIT-NPI-NEW,1CC01T0027,83.407,65.596,180,0,13,1,10011L,8,128,226,14,2,8,1000,1,
L204,TELIT-NPI-NEW,1CC01T0015,81.346,68.333,-90,0,13,1,10006R,4,124,226,7,1,10,1000,1,
L205,TELIT-NPI-NEW,1CC01T0033,83.956,62.533,180,0,13,1,10008L,7,127,226,4,1,5,1000,1,
L301,TELIT-NPI-NEW,1CC0101334MU,73.484,69.733,0,0,13,7,70005L,1,724,235,14,1,1,1000,1,
R102,TELIT-NPI-NEW,1AA01T0501,83.761,71.403,0,0,13,3,30008R,8,328,226,9,1,13,1000,1,
R105,TELIT-NPI-NEW,1AA01T0501,74.686,62.608,180,0,13,3,30008R,8,328,226,5,1,1,1000,1,
R106,TELIT-NPI-NEW,1AA01T0501,74.862,67.138,-90,0,13,3,30008R,8,328,226,10,1,13,1000,1,
R201,TELIT-NPI-NEW,1AA01T0598,71.381,65.838,180,0,13,1,10010L,7,127,226,14,1,9,1000,1,
R202,TELIT-NPI-NEW,1AA01T0646,71.381,65.288,0,0,13,1,10009L,12,114,226,14,3,1,1000,1,
R203,TELIT-NPI-NEW,1AA01T0526,80.976,71.088,-90,0,13,3,30005L,1,321,226,10,1,1,1000,1,
R204,TELIT-NPI-NEW,1AA01T0699,83.761,70.803,180,0,13,3,30006R,4,324,226,10,1,7,1000,1,
R205,TELIT-NPI-NEW,1AA01T0699,82.911,71.103,90,0,13,3,30006R,1,321,226,16,4,16,1000,1,
R302,TELIT-NPI-NEW,1AA01T0699,75.114,70.998,0,0,13,3,30006R,4,324,226,17,1,10,1000,1,
R303,TELIT-NPI-NEW,1AA01T0699,75.114,71.553,180,0,13,3,30006R,3,323,226,17,2,12,1000,1,
R305,TELIT-NPI-NEW,1AA01T0501,73.831,65.843,0,0,13,3,30008R,16,318,226,5,2,4,1000,1,
R307,TELIT-NPI-NEW,1AA01T0501,71.231,69.698,180,0,13,3,30008R,8,328,226,3,5,15,1000,1,
RKEY,TELIT-NPI-NEW,1AA01T0755,81.761,63.503,180,0,13,3,30005R,2,322,226,10,1,4,1000,1,
U201,TELIT-NPI-NEW,1DD0800440ARH,77.621,66.808,180,0,13,9,90018,1,922,1002,16,2,1,1000,1,
U202,TELIT-NPI-NEW,1DD0101078MXS,83.641,66.913,180,0,13,7,70007L,3,722,230,10,1,5,1000,1,
U301,TELIT-NPI-NEW,1DD0101242TPK,71.781,62.978,0,0,13,7,70006L,2,721,230,13,1,4,1000,1,
U302,TELIT-NPI-NEW,1DD0101236SGM,72.859,70.918,180,0,13,7,70008L,4,723,230,10,1,7,1000,1,
U303,TELIT-NPI-NEW,1DD0101289WAY,73.041,63.298,0,0,13,5,50005L,6,526,226,14,5,7,1000,1,
Y201,TELIT-NPI-NEW,1MM0200123PSN,78.826,70.903,180,0,13,7,70005R,1,724,235,7,1,4,1000,1,
Y202,TELIT-NPI-NEW,1MM0100202TXC,79.156,62.668,0,0,13,9,90019,3,923,1551,3,1,2,1000,1,
